source,target,lag,coefficient,p_value
0,0,1,0.4532216206466572,2.0995879998427354e-167
0,0,2,-0.11625489487724203,1.977651365799347e-11
0,1,1,-0.147713329048525,1.3639561974027503e-17
0,2,1,0.060913975359940836,0.0004559017989606339
0,4,1,0.08088418425848411,3.1611802733101816e-06
0,4,2,-0.12561658786480262,4.041576477001636e-13
0,5,1,0.10425004547310339,1.80305276063791e-09
0,7,3,-0.05995523117835582,0.0005549091638000189
0,11,1,0.19815543404324537,1.0785937952385269e-30
0,14,1,0.060960261149172454,0.0004495559422278625
0,18,1,-0.1107269614701172,1.6529029202368515e-10
0,19,1,0.21033016583620848,1.840347144350287e-34
0,20,2,-0.07153016145936737,3.763668044640684e-05
0,22,1,0.059373877361404426,0.0006268459125122575
0,24,2,0.07151663940359687,3.807176099836392e-05
0,29,2,-0.0629520088995473,0.0002906751951841012
0,30,3,0.06338607740912362,0.00026376933446827536
0,36,1,0.08113245251281957,2.9076853602787886e-06
0,39,1,0.06826773135307046,8.46909172680415e-05
0,41,1,0.07297448542147678,2.618507306568348e-05
0,43,1,0.06398068201255173,0.000229177061682405
0,50,2,-0.05826217069204062,0.0007934278402826486
0,51,1,0.06417995237234873,0.00021665348890419122
0,54,1,-0.07625705577806086,1.1162579910542966e-05
0,54,2,-0.05816004335411818,0.0008134578093210949
0,58,1,-0.14064663419405052,4.279607917858609e-16
0,58,3,0.07912249660570386,5.14155163113411e-06
0,59,1,0.12457377448968847,6.418168034546427e-13
1,0,1,0.11898979352452356,6.575984738111469e-12
1,0,2,0.2196439167683734,2.0010327256279616e-37
1,1,1,0.3990719298967384,1.2110211762477823e-126
1,6,1,0.06654012820641927,0.0001273095878118452
1,7,2,0.09530262158626618,3.9047929459845916e-08
1,9,1,0.09430889095770108,5.5278120825691925e-08
1,10,1,0.07652922932812264,1.0510543672449446e-05
1,17,1,0.13221811578870835,2.1945149968435296e-14
1,20,3,-0.06165538441332131,0.00038400258319764923
1,24,1,0.09629066333615997,2.8459100851018164e-08
1,25,1,0.07133711661958275,3.960769089700374e-05
1,36,1,0.1443202994613839,6.973286066480135e-17
1,41,1,0.07390191779208276,2.081316467057969e-05
1,46,1,0.08904629302637701,2.853469572875366e-07
1,48,4,0.05771357844383064,0.0008972044530688018
1,50,1,0.06871273629640227,7.589573481629016e-05
1,51,2,0.07482594303457954,1.6134369318458748e-05
1,52,1,-0.06552009566776801,0.00016109494284286102
1,54,1,-0.2307451847982625,2.9850468290857167e-41
1,57,2,-0.1381199471869034,1.5458097108604437e-15
2,0,1,-0.059944997123784365,0.0005615245959906877
2,0,2,-0.09889565458819652,1.1992550467189582e-08
2,1,2,-0.07732282093718024,8.578889464080785e-06
2,1,3,-0.06792228744884456,9.312902910787599e-05
2,2,1,0.33391562680903797,6.310645006076259e-87
2,2,2,0.062251947195290855,0.0003416639134478894
2,2,3,0.08782230167640148,4.24886761973653e-07
2,4,2,-0.08118262177064747,2.946961764628449e-06
2,9,1,0.0743444322414243,1.8723240781818895e-05
2,9,2,0.06360530032355936,0.0002521729030974596
2,10,1,-0.07116777221548316,4.176402148069881e-05
2,11,1,0.062479112627273015,0.00032155494887348856
2,14,1,0.06032069757308038,0.0005181230312082475
2,15,1,-0.07106892440465315,4.235071852545422e-05
2,18,1,-0.05843182540810904,0.0007700578628227248
2,19,1,0.07110069108336842,4.224169925735534e-05
2,20,1,-0.10681224758561947,7.124941947541997e-10
2,22,1,-0.06613084320159178,0.00013977765425111165
2,30,1,0.1059032187276045,1.022092996944834e-09
2,35,1,0.11617002138325326,2.0741534822103634e-11
2,36,2,-0.058465665097879344,0.0007604144949294909
2,38,1,0.10252249547768928,3.3667959915452058e-09
2,40,1,0.0637187744057777,0.0002436873943655756
2,41,1,0.08494372580254164,9.878950992515732e-07
2,42,1,0.12940059205902676,8.02009656362851e-14
2,46,2,-0.09757550865111757,1.845118619981874e-08
2,48,1,0.08580600143367413,7.687022010176515e-07
2,49,1,0.1368908404311442,2.5992911544379396e-15
2,54,2,0.0830550807759335,1.7112499184299618e-06
2,57,1,0.07751046597272176,8.208025234505297e-06
2,58,1,-0.11658029303178533,1.701089425649051e-11
2,58,2,0.06795204784671326,9.156809092275949e-05
3,3,1,0.5145972044964905,1.5398481363964878e-223
3,8,1,0.06036683331369812,0.0005080158985652213
3,16,1,-0.059978291354126675,0.0005479228084425428
3,23,1,-0.06450616823047575,0.00020201784853808222
3,29,1,-0.18894116492269317,5.42314816750994e-28
3,29,2,0.07082240368136421,4.526955639259335e-05
3,34,1,-0.08842686037812306,3.3670845282010974e-07
3,41,1,-0.057832077813280695,0.0008660569905558749
3,45,1,-0.15563371130986112,1.9672838309717534e-19
3,53,1,0.09945745469377842,9.458106070197902e-09
4,0,2,0.06874629592059428,7.52828395079037e-05
4,1,1,-0.12406466554287485,8.033139538657412e-13
4,4,1,0.36489142524229806,8.143995286662161e-105
4,4,3,0.07846959008425863,6.16914387329686e-06
4,4,4,0.06361811783524907,0.00024982093284206546
4,5,1,0.09366004561534791,6.634885749383688e-08
4,11,1,-0.14693061323034934,1.894137355110012e-17
4,16,1,0.062238546410437794,0.00033703631813550744
4,18,1,0.10270546367655159,3.1394104214989855e-09
4,23,1,0.16170502083961963,7.553860057166761e-21
4,39,1,0.07980235197597835,4.289569135594934e-06
4,41,1,-0.13023340710591105,5.3058513888294796e-14
4,49,2,0.10316379423508588,2.6992164508980863e-09
4,51,1,0.06532163612894791,0.0001667502795979231
4,54,2,-0.06939531710893057,6.431125432858565e-05
4,57,1,-0.09995929258766414,8.470057962934456e-09
4,58,1,-0.10295703583674475,2.8567849364051572e-09
4,59,1,0.07520928393589763,1.4854705294591309e-05
5,0,1,-0.06544964937427596,0.00016336848081534072
5,5,1,0.369825735418755,4.341708563797851e-108
5,5,3,0.08929512513738716,2.567376439905995e-07
5,7,2,-0.06663980207382658,0.0001226159427845268
5,27,1,0.06341142516175485,0.00025835747623311183
5,30,1,0.06047623391408876,0.0004942423783242433
5,30,2,0.09640517230461296,2.687679732573417e-08
5,34,1,0.0978683423640031,1.607160430616119e-08
5,40,1,-0.16148610902009627,7.97932379732925e-21
5,40,2,0.05807996679423868,0.0008181293759857866
5,44,1,-0.0965762367952363,2.5514226810173007e-08
5,48,1,0.05936012014811732,0.0006286773446305934
5,57,1,-0.0827501141032114,1.8813663217088893e-06
6,1,1,-0.06367473654760414,0.00024718848417056764
6,6,1,0.2485111941175478,7.908884315229665e-48
6,39,1,-0.07434855419941114,1.8379569201899093e-05
6,47,1,0.10092660408722755,5.788432768180597e-09
6,52,2,0.06326635493325086,0.00026749178224563173
6,58,3,-0.07045802134973929,4.9286632023971484e-05
7,4,1,0.09045384739401884,1.8368707971446344e-07
7,7,1,0.29489704139184764,1.443105254505268e-67
7,8,2,0.06187569129436824,0.0003643708229128909
7,11,1,-0.0636606997212002,0.00024371452556573093
7,12,1,-0.05791172498858881,0.0008472551290534785
7,37,1,0.06350107772470445,0.0002521066984112422
7,40,1,0.065954412188161,0.000143969992010448
7,44,1,0.07900348588097425,5.277975011761032e-06
7,46,1,0.07541664450183956,1.3776015810881353e-05
7,46,2,0.060961900511339775,0.0004440499802262458
7,47,1,0.1941273314330607,1.609679791590117e-29
7,51,1,0.09215795184570374,1.0318920837254555e-07
7,55,1,0.08588755121219743,7.276021114701316e-07
7,56,1,-0.09298207672773479,8.142075479679182e-08
8,2,2,0.05797751065852602,0.0008479780594565337
8,4,1,0.07102286825979624,4.306851175831816e-05
8,5,1,-0.05841072915971749,0.0007663726357017293
8,8,1,0.15534212674123432,2.38592411864058e-19
8,9,1,0.1373478008280109,2.0574899926289616e-15
8,12,1,-0.09910244265675106,1.073314359757962e-08
8,16,1,0.06268168942568152,0.00030419820468321275
8,25,1,0.06230129317752394,0.00033032426629480603
8,47,1,-0.06363393754630774,0.0002467877934682582
8,48,2,0.07261752161892086,2.86784247370777e-05
8,49,1,-0.10181119182009091,4.321384585656053e-09
8,51,1,0.10051898271842197,6.460757001742109e-09
8,56,1,-0.06373213806388958,0.00024137769660588032
8,59,2,0.06758515914710947,9.945439130008794e-05
9,0,1,0.1930517699007746,3.790055522340011e-29
9,1,1,-0.1705775745380857,5.181058711288561e-23
9,2,1,-0.21807900859613638,6.783576292166152e-37
9,2,4,0.06248301381541398,0.00032465138373408077
9,3,1,0.07245844036590808,3.0026671884594622e-05
9,4,1,0.09251261899831559,9.761301834765497e-08
9,4,3,0.06392647488702503,0.00023404128589796374
9,7,1,0.09510004341444313,4.172975917145686e-08
9,8,1,-0.2128456724924165,3.1522963611060937e-35
9,8,2,0.06684124349847431,0.00011889077295527607
9,9,1,0.2002336635857243,2.668331760138727e-31
9,9,2,0.09543849290738368,3.7697630762273847e-08
9,9,3,0.08004099511409396,4.0280705132904515e-06
9,9,4,0.08863630572058324,3.2894240729968473e-07
9,14,1,0.06405353142583255,0.00022691000240132863
9,16,1,-0.07255893305868287,2.9108623006093498e-05
9,34,1,-0.12372218310266714,8.860063851674036e-13
9,40,1,0.0642890070672013,0.0002136836774072154
9,41,1,0.07103252028902383,4.2850742554195566e-05
9,41,2,-0.058277310121577525,0.000793831151890093
9,49,1,-0.07771939557973707,7.588309303385845e-06
9,52,1,-0.0657694422245677,0.00015169705702177083
9,52,3,0.0705731420596365,4.77763424633275e-05
9,54,1,0.06156447363235243,0.0003941227848241186
9,57,1,-0.11484337730686574,3.575886728138515e-11
10,1,1,-0.06648740537046936,0.00012980569695356556
10,10,1,0.0915150717471415,1.3162218754664243e-07
10,18,1,0.0631608478580431,0.0002750680585608601
10,19,1,-0.063515709802996,0.00025345205744272916
10,23,1,0.11349658953984797,5.6614019385465234e-11
10,27,1,-0.11178235508523975,1.1121018246281454e-10
10,33,1,0.07644932396431937,1.0573112521961926e-05
10,45,1,0.0915943783026024,1.2669927454604816e-07
10,54,2,-0.0633836549693166,0.0002622184667533598
11,2,2,0.05749363801548202,0.0009338043274214121
11,3,1,-0.0789038961390625,5.389141356520476e-06
11,10,3,-0.057361795785787685,0.0009543790624776063
11,11,1,0.21607045192068358,2.3838515342059553e-36
11,14,1,0.11538595684243222,2.67880709477288e-11
11,17,1,0.07086204078263382,4.423519966183668e-05
11,18,2,0.06026234239219668,0.0005165243362966469
11,19,1,0.07719401868665227,8.527089977091707e-06
11,19,2,-0.06020063153655349,0.0005224017783647209
11,35,1,-0.07090392957919468,4.424415282200837e-05
11,43,1,-0.07578285391656668,1.254395628705539e-05
11,45,1,0.061602845127612015,0.0003845184949509637
11,56,1,0.2978954635131256,6.198511630070921e-69
12,6,1,-0.11124574817425817,1.3310026664413877e-10
12,7,1,0.11333933958465284,5.861481095502763e-11
12,8,1,0.07409318531848547,1.9468755674004146e-05
12,12,1,0.18047951185050645,1.0875737072114214e-25
12,16,1,0.058141570465857384,0.0008062265704707015
12,20,1,0.06254137700672112,0.000312531557735762
12,25,1,0.097817926644913,1.634727712206348e-08
12,28,2,-0.05974806255808563,0.0005733629320499745
12,31,4,0.05908966524784898,0.0006582374877618446
12,42,1,-0.10728515636162003,5.988440326230123e-10
12,44,1,-0.11579386699735351,2.3104701768896196e-11
12,47,1,-0.20916890343392422,4.2080405591611165e-34
12,53,2,-0.06173512750632721,0.00037350999739380747
13,2,1,0.08658065683999436,6.078738511785697e-07
13,10,1,-0.07521872136727249,1.4642682549707175e-05
13,10,2,0.06996894178722889,5.560161301191334e-05
13,13,1,0.21564266730055007,3.454764419339113e-36
13,14,4,-0.07720272038996688,8.614217707228685e-06
13,22,1,-0.13108020106476012,3.4455837864147516e-14
13,23,1,0.07804316524021808,6.840763052571175e-06
13,24,1,0.05858271753512703,0.0007406350623254678
13,29,1,0.1320703308425784,2.3046395822382337e-14
13,30,1,-0.06892548938860851,7.190741925164524e-05
13,31,1,-0.08957494817124115,2.364213035613227e-07
13,32,1,-0.07261069908474416,2.8489577274564083e-05
13,33,1,0.09457266788447698,4.8440239766391476e-08
13,33,2,-0.07005865128770027,5.410695990149884e-05
13,38,1,-0.10638822865642067,8.224353654712886e-10
13,46,1,-0.05972812586635656,0.0005802463830207553
13,50,1,-0.0967649684634606,2.350069268413752e-08
14,3,1,0.06258863249174706,0.0003131778952911925
14,13,1,-0.10501310409810029,1.35512228416665e-09
14,14,1,0.23267806252431858,5.849620740470576e-42
14,14,3,0.06200469169887432,0.00035635848981687356
14,15,1,-0.06178726315060754,0.0003715258623506866
14,21,1,0.06890224826613188,7.213176161318995e-05
14,33,1,0.06578913291893747,0.00015100468391445704
14,35,1,-0.0963013086870657,2.8358900212940944e-08
14,35,2,0.059394294329062375,0.000630092271784646
14,42,1,0.07427708401094398,1.894265567467591e-05
14,43,1,-0.09918825674399202,1.0583551175686568e-08
14,45,1,0.08141643527247408,2.6835833830194834e-06
14,54,1,-0.14045867561875927,4.591102721933962e-16
14,58,1,0.10526199494445189,1.2600107947870018e-09
15,6,1,-0.08861944557818538,3.1871228323692607e-07
15,15,1,0.33733043557007647,3.7515873865945855e-89
15,26,1,-0.09999214721093608,7.670800528907764e-09
15,42,1,-0.06725190250215894,0.0001071271216355289
15,49,1,-0.3287499314464205,2.1954460114868283e-84
15,49,2,0.08054736205847142,3.4389574013256596e-06
15,59,1,-0.06304656024644181,0.00028159585839289576
16,0,1,-0.07253632971257302,2.9195097486675227e-05
16,1,1,0.16625518115189716,5.805182855469637e-22
16,2,1,0.18720087649361086,1.6524990859296257e-27
16,3,1,-0.09122700746215037,1.416690647354573e-07
16,3,2,0.0659677218068324,0.0001438566073620222
16,3,3,0.06248941189391183,0.0003168236891394839
16,6,2,0.062283105119790586,0.00033165769732535795
16,9,1,0.22732009332253952,4.21124584877559e-40
16,16,1,0.3201140049951391,5.506613558275208e-80
16,20,1,-0.07628355581830622,1.0849565126107186e-05
16,26,1,-0.07317361758457222,2.43297009596991e-05
16,27,1,0.06040823181634385,0.0005005568172729568
16,28,1,-0.14645747597817435,2.2008739779945548e-17
16,34,2,0.05977366340951374,0.0005691411825560276
16,39,1,0.06474140730563943,0.00019100587862397867
16,40,1,0.07914712587997418,4.990864608660857e-06
16,42,1,0.059577769018355264,0.0006002779711195048
16,47,1,-0.09429711660872382,5.2990689359801634e-08
16,53,1,-0.09863087888199557,1.2351246973380288e-08
16,54,1,-0.06853333005063185,7.827246036338794e-05
16,57,1,0.08589796606513111,7.451301110857436e-07
16,58,1,0.07369571346202029,2.151442426413208e-05
16,59,1,0.08273134242221099,1.8447805820679496e-06
17,2,1,0.11812109843106662,9.221729791463441e-12
17,2,2,-0.06412954415835025,0.0002225444279772342
17,3,1,-0.07424479580246,1.8826737007928508e-05
17,13,1,-0.06783037331272604,9.289671049933103e-05
17,14,1,-0.08533434774984464,8.672366357721551e-07
17,17,1,0.11145284289587784,1.2218669929167857e-10
17,17,3,0.07157658298632605,3.690022767469487e-05
17,22,1,-0.07236911340268236,3.0125887854043595e-05
17,23,1,0.0723690828297147,3.0293036292402778e-05
17,30,1,-0.089799898080899,2.2609659691298162e-07
17,33,1,-0.09214555356319326,1.0637250393919795e-07
17,38,1,-0.1462170492703858,2.623595329666986e-17
17,45,1,-0.09344902750976711,6.974737460815159e-08
18,0,1,0.06369435972512745,0.00024450296362568376
18,11,1,-0.1481274056060164,9.883677464680903e-18
18,14,1,-0.09840664527756178,1.3735394418790571e-08
18,14,2,0.08509603404534502,9.339655548222206e-07
18,17,1,-0.07039805985880668,4.9761094914513545e-05
18,18,1,0.15566994911836166,1.953606586658815e-19
18,21,2,-0.08756827684386352,4.444241164636477e-07
18,24,1,0.07268158131663138,2.805821466505387e-05
18,27,1,0.20145364199444352,1.0700995706796087e-31
18,29,1,0.12380775588676085,8.679839492917098e-13
18,32,1,0.10007455352392039,7.611787503395848e-09
18,35,1,0.06576182886742123,0.00015266682606381143
18,43,1,0.10584336330508946,1.0031450938920527e-09
18,43,2,-0.05756008398876496,0.0009161685951960404
18,44,1,-0.06701407253664257,0.00011387129459332296
18,55,2,0.06320026239507985,0.00027090878428030285
19,0,1,-0.059605385832659265,0.0005979030736463469
19,2,2,0.059339710570359486,0.0006350051000122823
19,11,1,0.08722697738253457,4.849947885701793e-07
19,13,2,-0.06695871539738033,0.00011400295547160572
19,18,1,-0.09847315384177438,1.3228800191932831e-08
19,19,1,0.1850520098226586,5.929933219209222e-27
19,19,4,0.05836587508211554,0.0007707539284908106
19,21,1,0.12050939583348393,3.3734144940892033e-12
19,24,1,-0.07715148219104866,8.706545914283904e-06
19,27,1,0.07923049310605423,4.941919011539822e-06
19,32,2,0.06893876337872297,7.077973664260162e-05
19,35,1,-0.07553623233475586,1.350949687968307e-05
19,36,1,-0.062377428342480015,0.00032412101969143183
19,43,1,-0.07626536031617494,1.1036342214336183e-05
20,0,1,-0.06532391552081547,0.00016742177811992787
20,1,2,0.061778055008838505,0.00037456963943730963
20,2,1,0.06517505947573278,0.00017445329119923744
20,6,1,-0.11193819561259569,1.0143428981650046e-10
20,7,1,-0.06583397188133448,0.0001477254805195486
20,16,1,0.16432092876837473,1.5826074457799304e-21
20,20,1,0.36764469270501593,8.90152376230378e-107
20,36,1,0.059678958199692746,0.0005807693370393721
20,39,1,0.08993604817748208,2.1313081319610514e-07
20,42,1,-0.07190878540027804,3.431277872816704e-05
20,44,1,-0.07663998062683294,1.0048534313921947e-05
20,49,1,0.10531126241597763,1.2236924163585818e-09
20,53,1,0.09329813058001679,7.223888786843209e-08
21,1,1,-0.13580630715574118,4.311292530467563e-15
21,6,2,-0.06105611047532918,0.0004376676276161956
21,11,1,0.06360330416702893,0.00024849858741671487
21,13,1,0.11345370075479493,5.7566902393184306e-11
21,13,2,-0.05904443157470892,0.000673358941383727
21,14,1,-0.17471702823116977,4.10123475000912e-24
21,14,2,0.08662442851526238,5.952895297124978e-07
21,19,1,-0.10004675009749557,7.845743548322999e-09
21,21,1,0.20072944041715357,1.88937282170169e-31
21,24,1,-0.11394505639907271,4.784816308539196e-11
21,27,1,-0.11722995010732616,1.302125567483776e-11
21,29,1,0.06341204254288184,0.00026167337994518846
21,32,1,-0.07009085646862585,5.38193369019182e-05
21,35,1,0.12046900982095979,3.560430375955452e-12
21,36,1,-0.06343698219262524,0.00025742883281794674
21,38,1,0.1069267238167586,6.751866031057788e-10
21,43,1,0.08153231039123064,2.615094655505652e-06
21,43,2,-0.06766268147353759,9.739871234808421e-05
21,45,1,-0.1467437431591935,2.0132741167607037e-17
21,50,1,0.06485670857083686,0.00018685603347983788
21,57,1,-0.13080073660526814,4.340171682381427e-14
22,0,1,0.06320915466494284,0.00027152617090051506
22,4,1,0.06187948577044808,0.000364814362583478
22,10,1,0.19598750691212138,4.568629632674066e-30
22,13,1,0.08105815663276587,2.938768433756352e-06
22,18,1,-0.13043751311548857,4.5968127332106126e-14
22,33,1,0.08971975053479811,2.2698672322190457e-07
22,54,2,-0.058054318291727976,0.0008240066728579339
22,57,1,-0.07303262669087104,2.6017532764577106e-05
23,1,1,-0.07297358661725309,2.6412584494227832e-05
23,4,1,-0.12184492814018485,1.966808012153239e-12
23,11,1,-0.08313276798626343,1.6375626322348562e-06
23,18,1,0.07890824682934246,5.400288966965158e-06
23,19,1,0.17917005071134917,2.495496545054047e-25
23,21,1,0.07201014038679633,3.335569540391766e-05
23,22,1,0.06445498647922014,0.00020348862868463168
23,23,1,0.12553429626016466,4.02115801842147e-13
23,23,4,0.06204457252743994,0.00035106251378762683
23,43,1,-0.07904130447346135,5.223364176521998e-06
23,54,1,0.0597447936495386,0.000579298583549592
24,13,1,-0.14970186383767475,4.469158496196649e-18
24,14,1,-0.1510441695083471,2.31442623013059e-18
24,18,1,0.07329540960683296,2.3984431147448102e-05
24,21,1,-0.059011243246432796,0.000675549647698597
24,22,1,0.07609797891842224,1.1503551574070588e-05
24,24,1,0.1497649760139295,4.427048040172313e-18
24,30,1,0.08007532228352719,3.949850433144305e-06
24,32,1,0.06645299980255226,0.00012872249987899663
24,35,1,-0.06201229326331583,0.000356495877641189
24,38,1,-0.06678768841069949,0.00011898054421749404
24,45,1,0.08167744983598546,2.4749763069065614e-06
24,45,2,-0.060156959525012085,0.0005283522608157026
24,46,1,-0.14641704863777413,2.3991083082461725e-17
24,50,1,-0.07898810524757878,5.265807152473979e-06
25,0,1,0.09241156013594547,9.772852243582991e-08
25,1,1,-0.06499486738878003,0.0001818368398854209
25,5,1,-0.06429202039465434,0.0002107303088766275
25,6,1,-0.06817412299454972,8.534274144690924e-05
25,7,1,0.16517175358274522,9.76244637885741e-22
25,9,1,-0.07211939614698851,3.253718313152751e-05
25,12,1,-0.10301632096586831,2.707025401245614e-09
25,14,3,-0.06603288243585859,0.00014201598250198206
25,15,4,-0.08086778549603059,3.0795094068256733e-06
25,25,1,0.30567272367483805,9.53148128475939e-73
25,29,1,-0.08492466379124994,9.749454622777477e-07
25,29,3,0.06879163920315534,7.390404929146234e-05
25,33,1,0.07363393901945377,2.1797590560123263e-05
25,35,1,-0.08105749881688894,2.9799842279214e-06
25,36,1,-0.05709800420060008,0.0009986550765776541
25,37,1,0.08700238414917807,5.149338929263979e-07
25,41,1,-0.0740095743013819,1.9837785564464854e-05
25,42,1,0.13713346061031811,2.2106619092560438e-15
25,44,1,0.07429753337878577,1.8516831339736004e-05
25,52,1,0.06505834451780124,0.00017679420145350286
25,57,1,-0.1289529397664544,9.526406658053829e-14
26,6,1,0.07633055332762957,1.0747308748964386e-05
26,8,1,0.10787327184348074,4.649238110856704e-10
26,9,1,-0.06500277992199323,0.0001802845184148381
26,26,1,0.3281118405557505,2.865214914173559e-84
26,26,2,-0.05897500665003804,0.0006706044421366768
26,30,1,-0.06155536703299944,0.00039012463181888215
26,33,1,0.05930485521646717,0.000630090369947217
26,36,2,0.062132563798087945,0.0003400656485728927
26,38,2,0.058380975912914905,0.000765503725900151
26,42,1,-0.059408781362035486,0.0006210404339555848
26,47,1,0.06991305427432294,5.564590016312774e-05
26,49,1,-0.06755961499739133,9.885571586244925e-05
26,52,1,0.0655323119911637,0.00015736796927939397
26,55,1,0.06375516189312963,0.00023701852898143756
26,59,1,-0.06410422702654174,0.00022041612410274536
27,2,1,-0.10599142187099343,9.784643193173599e-10
27,3,1,-0.08465516710854915,1.0592591648133634e-06
27,11,1,0.11081008805521557,1.571427703073861e-10
27,13,1,0.19633874271387544,3.59656408154757e-30
27,24,1,-0.060024421090058344,0.0005467545953927441
27,27,1,0.18954916027720356,3.5100590287688113e-28
27,29,1,-0.0639283929806656,0.00023241344736316504
27,36,1,0.12454501103766481,6.096364927783722e-13
27,38,1,0.060348829280894335,0.0005079951873866118
27,54,1,-0.1791476360088965,2.6584398123980573e-25
27,56,1,0.10448975550881309,1.6452886446335971e-09
27,57,1,0.11000724757435584,2.2674025537733804e-10
28,9,1,-0.06781088933567249,9.310280832774235e-05
28,9,2,-0.08112885865221806,2.9106332667932767e-06
28,16,1,0.0910938496721162,1.4584106200033736e-07
28,16,2,-0.05716950740300306,0.0009823621695159112
28,28,1,0.24020579031863573,8.196041428052083e-45
28,34,2,-0.06704187861475146,0.0001107208553878515
28,39,1,-0.1265365495974259,2.5864823011292933e-13
28,41,1,-0.1391109633584413,8.249641255086521e-16
28,42,1,-0.08030367549070234,3.6814196333888656e-06
28,47,2,-0.06729706905153139,0.00010471917352528645
28,53,1,0.06376468345817408,0.00023599534427965187
28,53,2,-0.0596085272053145,0.0005884339128109773
29,11,1,0.09054362429989742,1.7784699197607798e-07
29,13,2,0.06045883883955754,0.00049805163614363
29,14,1,-0.07819669807230897,6.645467984490292e-06
29,17,1,-0.06939669792060167,6.412587669696035e-05
29,24,1,-0.08738837057640224,4.730364757383155e-07
29,27,1,0.12357048972805366,9.59748059097166e-13
29,27,2,-0.057225020035259415,0.000986819898072482
29,29,1,0.37007413963348684,5.921519330959259e-108
29,32,1,0.0716141385690621,3.6951785166885216e-05
29,35,1,0.06897855476853862,7.170788846652502e-05
29,36,1,-0.07818578703000345,6.60145073739126e-06
29,43,1,0.07301101227537606,2.5941894474860267e-05
29,50,1,0.08553433471182534,8.17400844833356e-07
30,1,1,0.08104628271982724,3.0307665487208276e-06
30,1,2,-0.062356021498259,0.00033251337833801824
30,2,4,0.059767395071089406,0.0005843206258224783
30,19,1,-0.07055371197614393,4.8006833064049826e-05
30,19,2,0.059696147333740054,0.0005864607416332148
30,29,3,-0.06449713892681752,0.0002051478617992967
30,30,1,0.27573217127845384,6.770292902987285e-59
30,30,2,0.09589021929272833,3.202731492506624e-08
30,30,3,0.057539936039331434,0.000924937730682825
30,30,4,0.07868819104539473,5.830205035741981e-06
30,40,3,-0.0586900238433213,0.000724150478813726
30,44,1,-0.08732997616107337,4.872211536595221e-07
30,44,4,0.06593058710530518,0.00014781739675025796
30,46,1,0.06740430428069287,0.00010357219745742124
30,48,1,-0.06131858379802581,0.0004150254536967491
30,48,3,0.05834843120434478,0.000782142747523814
30,48,4,0.0671987550272448,0.00010900631298488342
30,52,2,0.0675667532435858,9.916724276165256e-05
30,54,1,-0.07932799604693608,4.874569284792727e-06
30,57,1,0.10054330665940414,6.928695017620768e-09
30,58,1,0.10040890347633127,6.997334248480876e-09
31,0,1,0.08762243262943506,4.354476972915587e-07
31,4,1,0.09131905509477958,1.3821240243784485e-07
31,18,1,0.09583718544702496,3.182716999290734e-08
31,19,1,-0.06951175167959386,6.12441859214268e-05
31,21,1,0.08440156365824726,1.1283117631014547e-06
31,27,1,-0.07673444443573241,9.647648553196112e-06
31,31,1,0.20445036222584445,1.1093718775988352e-32
31,32,1,-0.13936348574090007,7.16758900361926e-16
31,50,1,-0.08778822921215451,4.0749329699053817e-07
31,58,1,0.05811762615806179,0.000810259748302829
32,0,1,-0.06559623924736273,0.00015791731258159343
32,4,1,-0.09065280658529871,1.7260904771258533e-07
32,11,1,0.12388505470512914,8.012058532506579e-13
32,13,1,-0.05900615961547875,0.0006750072251271022
32,18,1,0.09634280854631716,2.7046327803069384e-08
32,24,1,0.1344918010506459,7.420054742025305e-15
32,29,1,0.07456810544752247,1.7308449746971325e-05
32,31,1,-0.060315790241359135,0.0005066431014701752
32,32,1,0.20072145429107774,1.6435199633083302e-31
32,33,1,-0.07335514666244276,2.3419465105083113e-05
32,50,1,-0.10186100392856769,4.090400808203235e-09
32,56,1,0.09632926123481149,2.729912262933069e-08
33,3,1,0.06305451409959459,0.00028109523764019927
33,10,1,-0.14206288088668856,2.0899829517535111e-16
33,18,1,-0.10636591211713611,8.243472089407301e-10
33,22,1,0.1283346991511298,1.1688887464456298e-13
33,23,1,-0.0962560759595467,2.7970339990039883e-08
33,23,2,0.05760992284863673,0.0009051650851334476
33,29,3,-0.06324715350499313,0.00026979821694449223
33,31,1,0.08056750273456513,3.362051346469073e-06
33,32,1,-0.09957784260764546,9.029419859580126e-09
33,33,1,0.18221770863530712,3.718556494807259e-26
33,50,1,0.08854330647885793,3.2623796084678117e-07
33,58,1,0.07460461866848538,1.7144502918945133e-05
34,0,1,0.06782562268457304,9.322955463423826e-05
34,5,1,-0.12475991422935252,5.473109721625588e-13
34,7,1,0.09053436280850653,1.7535163722760133e-07
34,8,1,-0.07593842814672688,1.2001190507576713e-05
34,12,1,-0.10481171248476999,1.4245114963902725e-09
34,15,1,0.06056163114501672,0.0004814109485170183
34,24,1,-0.06559316112404305,0.00015658860970467042
34,28,1,-0.07637677228186673,1.0518543928544256e-05
34,34,1,0.2111891960804664,8.72340807165373e-35
34,39,1,0.08043962923685902,3.5202848218861704e-06
34,40,1,0.11844474323568062,7.690584011548085e-12
34,41,1,0.10391562258405693,1.9762197351383375e-09
34,42,2,0.07336501986273879,2.3693716390473458e-05
34,45,1,-0.05784225924023773,0.0008564581621614678
34,52,1,-0.10777311531664502,4.82510071202783e-10
34,57,1,-0.08842391290638225,3.495731551547076e-07
35,0,1,-0.0633516367586315,0.00026581579741620016
35,1,1,0.06090507969046667,0.00045769142718001714
35,10,2,0.07334829835171527,2.4066967629257624e-05
35,22,1,-0.08275688561971936,1.8378563885325798e-06
35,32,1,0.06439952929243842,0.00020791290968244969
35,35,1,0.17811269565863472,5.548401494225398e-25
35,43,1,0.10368721474231825,2.241484171510689e-09
35,45,1,0.05969892553031004,0.0005861137289522151
35,49,1,-0.07727036541770127,8.565429898401247e-06
35,49,2,-0.0645470673410375,0.00020327635273581678
36,7,1,0.06937788014208225,6.312055499575002e-05
36,17,1,0.2237162082322339,6.577995146052059e-39
36,17,2,-0.05797885366449342,0.0008355205409971662
36,17,4,-0.07416300086981903,1.9064175005526183e-05
36,23,1,-0.057628279003691864,0.0008985078769995292
36,30,1,-0.05713965789507131,0.0009989347467713814
36,30,2,-0.05870274184937559,0.0007222194617260679
36,36,1,0.2918531749736416,3.404971237307754e-66
36,38,1,0.07099441930021637,4.268697801619247e-05
36,43,3,0.05807520932080221,0.0008204324625517799
36,45,1,-0.09609162755801076,2.911688889949269e-08
36,46,1,0.06731874907246119,0.00010418126717053069
36,55,1,0.059514920951936966,0.0006048841954999812
36,56,1,-0.08342950914318142,1.5029554942456762e-06
36,59,1,0.06152762128805793,0.0003940994409828625
37,0,1,-0.06397024255610931,0.00022821907696953818
37,1,1,0.12424793659936799,7.142945430427026e-13
37,2,1,0.11143814690442391,1.2605823081936466e-10
37,6,1,0.12200378494047,1.785119243719828e-12
37,18,2,-0.08607300019987224,6.88485610514044e-07
37,20,1,-0.07528418091691425,1.4095896298733718e-05
37,26,1,-0.05996132496825328,0.0005456811468027203
37,34,1,0.09341132566618175,6.96489536764987e-08
37,37,1,0.10946549445644517,2.5491545052558325e-10
37,42,1,0.09852297141405739,1.3204421233893096e-08
37,44,1,0.10634768109769178,8.395922567758796e-10
37,45,1,0.06001745730004632,0.0005412440927127691
37,50,1,0.07779082163034864,7.233469869822452e-06
37,57,1,0.06011994822851629,0.0005377650650497169
38,0,1,0.1560507575768999,1.6538744340808819e-19
38,1,1,-0.14172970824996273,2.5347927958856827e-16
38,2,1,-0.17295199080775736,1.1986921192889532e-23
38,4,1,0.0694505695340578,6.31273964979903e-05
38,5,1,-0.0643616934687741,0.00020786765169089963
38,12,1,0.05820570134621792,0.0007984302078602928
38,20,2,-0.06787445864340892,9.147443450215729e-05
38,21,1,-0.08283568538690199,1.796715289171457e-06
38,27,1,0.05817932965614437,0.0008043001123895075
38,38,1,0.16307552901267175,3.328288987247353e-21
38,39,1,0.0638231683384744,0.0002364621395626744
38,43,1,-0.16617029006562326,5.923929364529946e-22
38,46,2,0.07447833477890207,1.761476141272242e-05
38,48,1,-0.07243889177772411,2.9926330063766982e-05
38,50,1,-0.07328901892370208,2.395588789576795e-05
38,52,1,-0.0640541641251662,0.00022342595922331853
38,54,2,-0.07519388567616266,1.4694729431101822e-05
38,57,1,-0.09079386276690674,1.6872192021797802e-07
39,1,1,0.06365689213858047,0.0002487222466710709
39,7,2,0.05915662859566522,0.0006563548833578239
39,8,1,-0.09026709634790746,1.9470832629006423e-07
39,9,1,0.14983653374219036,4.416960874586356e-18
39,39,1,0.19875618186585733,7.42469761985735e-31
39,49,1,0.08719568910709974,5.05347477916435e-07
39,57,1,0.06732025907768757,0.00010745386490111408
39,59,1,0.06069346414986029,0.0004762780903750206
40,0,1,-0.11512674308593915,3.008593189992164e-11
40,1,1,0.09419277760657957,5.60945522744757e-08
40,2,1,-0.06136434722860967,0.00041090345440382366
40,8,1,0.11845593178279136,7.766891055747816e-12
40,9,1,-0.06489628884947637,0.000185999474643246
40,18,1,0.0572475919239485,0.0009735932192428744
40,26,1,0.062028761765790204,0.00034867758167499635
40,37,1,-0.06678368568878786,0.00011796906084846782
40,40,1,0.23882224228079335,2.980136616592344e-44
40,41,1,0.07848690429875912,6.022254693269183e-06
40,42,1,-0.07679139921927604,9.679634297649088e-06
40,44,1,-0.10034847233447178,7.144783095936739e-09
40,51,1,0.07556750669604041,1.3041482792333326e-05
40,54,1,0.06478343859857606,0.00018917398125928224
40,57,1,0.13002626831616187,5.972246209155749e-14
41,0,1,-0.0872696279810751,4.903054410065938e-07
41,4,1,-0.06497939372678797,0.00018207420916779846
41,5,1,-0.06023745320910354,0.0005192953762802365
41,7,1,-0.17675234943312712,1.103176623945353e-24
41,8,1,0.14134197397595788,2.966457380544518e-16
41,17,4,0.05809423339336881,0.000817190179344038
41,25,1,-0.0884819993923652,3.3107145100624055e-07
41,34,1,-0.11756048302937926,1.1002144095661678e-11
41,41,1,0.11666152906343193,1.601311476098627e-11
41,44,2,-0.05917565884976753,0.0006561899067087369
41,48,1,-0.07640074401062906,1.0678113920511567e-05
41,51,1,-0.05903923036053973,0.0006652954221170901
41,52,1,0.0801425498359719,3.824844582222971e-06
41,59,1,-0.08966347971904035,2.348753041880253e-07
42,0,1,-0.06323736237018569,0.0002727130593866208
42,4,1,-0.08750047938609795,4.627695329172844e-07
42,12,1,0.06853491029322842,7.882927248132598e-05
42,16,1,0.08898222300778946,2.8982901931472037e-07
42,20,4,-0.06073593272365537,0.00046913162421070864
42,28,1,0.10955326269431404,2.5437139354138174e-10
42,28,2,-0.05958436629680134,0.0005994360753397811
42,42,1,0.32484459471380434,3.7369233977564567e-82
42,42,4,0.07077882303489193,4.612694963646791e-05
42,44,1,0.08579018029453542,7.752860108815894e-07
43,2,1,-0.06877749874213177,7.490473298208189e-05
43,35,1,0.18219024381826082,4.1196813773557434e-26
43,36,1,0.06050029069075489,0.0004907190272318111
43,43,1,0.13281654944173787,1.6279957815922614e-14
43,48,1,-0.07925010930560361,4.963997889193741e-06
44,1,1,-0.081091173909077,3.023760198057626e-06
44,8,1,-0.06650616390947034,0.00012802643835047598
44,8,4,0.06469442467276307,0.0001952396844357476
44,17,1,0.06089358352444695,0.00045519303754122214
44,20,1,-0.06033528343696146,0.0005104757732037957
44,26,1,0.10961268908614825,2.472135495803595e-10
44,28,1,-0.06234440339152139,0.0003292324000670488
44,44,1,0.15042080399775445,3.385446850474793e-18
44,47,1,0.06819317263050573,8.6007257336185e-05
44,53,1,0.06431341817686657,0.00021203154804632656
44,54,1,0.07264651312830768,2.8626689936293867e-05
44,58,1,-0.08940728527725737,2.5636550838670333e-07
45,2,1,0.07895495571869461,5.38390521086099e-06
45,14,1,-0.08402506288245419,1.268833746440392e-06
45,23,1,-0.14856590851684356,7.81624019147538e-18
45,33,1,-0.15489926678112587,2.8758410732144513e-19
45,35,1,-0.06864979490772635,7.667393749453646e-05
45,38,2,0.061141890805826486,0.0004261462261769455
45,45,1,0.23635965460917968,2.221284243547255e-43
45,58,1,0.07241751956283005,2.9923023323095325e-05
46,0,1,0.07554971599157578,1.3421239613919015e-05
46,0,2,-0.06955190153312271,6.174226166703967e-05
46,1,1,-0.12722072240941812,2.018685226256688e-13
46,10,1,-0.10616423797256315,8.977173200411153e-10
46,14,1,0.060848744557471954,0.00045781242108240325
46,14,2,0.0647829708948604,0.0001904684378839208
46,24,1,0.18470214522084358,7.956826185685168e-27
46,27,1,0.07584758812552082,1.2368177188387888e-05
46,29,1,-0.06620135247667529,0.0001371751318297845
46,39,1,0.0640746368963793,0.00022385650885335087
46,43,2,0.07134136078360911,3.9353519673753913e-05
46,45,1,0.11988781966977775,4.262688043699433e-12
46,46,1,0.15012317774689213,3.59784635071226e-18
46,54,1,-0.16758944537683065,2.621066956256167e-22
46,55,1,-0.07935275397945371,4.762227194406484e-06
46,56,1,0.08680158384739113,5.600725099215606e-07
46,57,1,-0.15586252864304878,1.9226321729259217e-19
46,57,2,0.07298879852144272,2.6458450949596342e-05
46,59,1,0.05731065240665794,0.0009661856413975496
47,6,1,-0.0697713384066894,5.821412155566291e-05
47,12,1,0.061215532346678266,0.0004210498759763738
47,14,3,-0.06823076283392988,8.481510528947956e-05
47,15,1,-0.12751666329700684,1.6876883663419616e-13
47,28,1,0.06749390473991088,0.00010017201898764493
47,42,1,-0.09171587393185622,1.2515448673176442e-07
47,47,1,0.0860136583105005,7.089251159021296e-07
48,1,1,-0.12524060284913266,4.826745840923173e-13
48,29,1,0.061719132933037595,0.00038022018620332155
48,44,1,0.11071278354661096,1.6829353309408372e-10
48,48,1,0.294556236666289,2.7343218577861143e-67
48,49,1,0.06400322964766629,0.00022800925295757488
48,53,1,0.07237324354155265,3.034480872753367e-05
49,9,1,-0.15492915462423662,3.084820239360367e-19
49,10,1,-0.05921551506001832,0.0006506842466385913
49,20,1,-0.12576310785789765,3.6734244887628016e-13
49,38,1,0.07275729335860037,2.7676388797224807e-05
49,39,1,-0.13930193249757966,8.153697506596368e-16
49,49,1,0.23555252813161612,5.634158635011576e-43
49,49,4,0.08373386921741516,1.4065026388080881e-06
49,59,1,-0.09093734611973876,1.592426166547583e-07
50,0,1,0.10381659656683596,2.093457998930992e-09
50,1,1,-0.09670492653738164,2.4563313110522275e-08
50,17,1,0.10070657788963992,6.1498809085578995e-09
50,21,2,0.06880551156840783,7.365632289947142e-05
50,29,1,0.08627794003924506,6.551898004769307e-07
50,29,2,-0.06537343369694887,0.00016589408303875175
50,50,1,0.08294653105338183,1.7155120849677052e-06
50,54,1,-0.06133921074063806,0.00040984125916823373
51,4,1,0.06276757558981036,0.0002978041644839446
51,5,1,-0.06322500901661493,0.00026654626247401723
51,11,1,-0.06330304610948975,0.0002619103079038489
51,12,1,-0.11802515670349005,8.860559132889268e-12
51,51,1,0.30973789129159346,7.089971400785346e-75
52,0,1,0.09750688538116613,1.8696129862161302e-08
52,4,1,0.08434765595189073,1.1633959525571807e-06
52,5,1,0.098531054420077,1.2906460780478292e-08
52,7,1,0.07000271858269683,5.4573057538491645e-05
52,9,1,0.07517023881523417,1.4786254171479083e-05
52,12,1,-0.05867447096968115,0.0007224841467605055
52,39,2,0.07678334087956894,9.610876710826103e-06
52,40,1,-0.15236533725314336,1.096322520742645e-18
52,48,1,0.07233107092944135,3.075575152942768e-05
52,49,1,-0.05825656308785909,0.0007914517831045886
52,52,1,0.3339517977189736,2.962178853726326e-87
52,57,1,-0.09873521581601,1.2663844026745355e-08
52,59,1,0.07761499637384972,7.658907024568348e-06
52,59,2,0.0883348764936182,3.519860364688784e-07
52,59,3,-0.057226954087741394,0.0009829399708113037
53,6,1,-0.15817825594615675,4.92164522384342e-20
53,9,1,-0.14918827105499183,5.950799423591389e-18
53,16,1,-0.066789777528029,0.0001177996233758573
53,26,1,-0.09132220862701233,1.3453493525360726e-07
53,39,1,-0.0996590693718922,8.917504943775177e-09
53,42,2,0.059512290936888666,0.0006098550950981318
53,53,1,0.23483881405172388,7.8712023062699e-43
53,53,2,-0.06107167283221793,0.00043098336680344804
54,1,2,0.07048843483905053,4.943404944134159e-05
54,36,1,-0.17117925902217015,3.1309966332678067e-23
54,38,1,0.12761282475826513,1.6454356137314104e-13
54,42,1,-0.07725313908839936,8.578305510956189e-06
54,43,1,-0.062356414330053234,0.0003283576944458789
54,45,1,-0.07148169656281331,3.789177086103144e-05
54,45,2,0.060052178833359574,0.0005403623249648822
54,53,1,0.06550165939496985,0.00016031191310330093
54,54,1,0.20557374307792697,5.910430111020163e-33
54,57,1,0.07840189920722905,6.324780184448084e-06
55,8,1,0.05880458344537839,0.0007069280873929637
55,20,1,-0.06950096394775332,6.172089678540438e-05
55,40,1,-0.059105313256279886,0.0006610185695551621
55,41,1,-0.08185876717353677,2.3589145697924643e-06
55,42,1,0.08898948076293951,2.9037583859214514e-07
55,48,1,0.06636826301125816,0.0001319221635143107
55,53,1,-0.061546202690362074,0.0003893243171008428
55,55,1,0.2345920198319647,1.082074554827983e-42
55,58,3,0.08768906292949115,4.267360200331533e-07
56,0,1,-0.08923825220656562,2.700851781471435e-07
56,2,1,-0.17331417104191044,9.808584363493678e-24
56,13,1,-0.14363599055199835,9.570569335627587e-17
56,18,1,-0.1774831077883083,7.286877454113396e-25
56,21,1,0.11221098010634244,9.372515379551809e-11
56,23,1,0.08178838569068055,2.4150176318916354e-06
56,27,1,-0.05865103417458502,0.0007314557817729774
56,29,1,0.08910539828907245,2.8020436611786987e-07
56,29,2,-0.060823728111423614,0.00046213237252372397
56,32,1,-0.06326420506558843,0.00026704904293640177
56,35,1,-0.1279503729887694,1.4678238153346422e-13
56,38,1,-0.07283627536270619,2.7049204319068e-05
56,43,1,-0.07562339254941212,1.3162897919704475e-05
56,43,2,-0.06389816332613063,0.00023299051176815512
56,46,1,-0.2007808385710516,1.7129818066642229e-31
56,50,1,0.07574177821529264,1.2680998081016783e-05
56,56,1,0.14798849382286036,1.0969991023649111e-17
56,57,1,0.08187465435904513,2.4319939907365627e-06
56,58,1,-0.06723840175688874,0.00010721270251255363
56,58,4,0.05928843992223264,0.000639509900563599
57,0,1,0.07934388891686482,4.93391960893617e-06
57,0,2,0.07493089233531722,1.6215648758395546e-05
57,1,1,0.09537226818657313,3.9818189558206654e-08
57,1,2,-0.1078385329423026,5.15247361333676e-10
57,7,1,0.08307387539817225,1.714325510501651e-06
57,8,1,0.061282759651850836,0.00042166336091651333
57,8,2,0.07895801111671134,5.467960350560981e-06
57,9,1,0.06521264103239711,0.0001761128618044372
57,10,1,0.09693371364885328,2.3548247370630085e-08
57,11,1,-0.06139014011475638,0.0004110822451306653
57,15,2,-0.06685389137453036,0.00011881902092550946
57,18,3,-0.06441448215173134,0.00020997565228731514
57,19,1,0.10611410382103952,9.466843500713526e-10
57,21,2,0.060102117487581604,0.0005461505152677002
57,23,1,0.09149069080943593,1.3614262380766398e-07
57,24,4,0.05951031259664595,0.0006183074756816077
57,30,1,-0.285804092635206,3.531051877188593e-63
57,30,2,0.07016219732422088,5.399517976017978e-05
57,30,3,0.10626417587838613,9.068518168325362e-10
57,32,2,0.059857662371639656,0.0005720872459216792
57,35,1,-0.10413436769720585,1.9763270794458086e-09
57,40,1,-0.07173144504026795,3.6270825146621376e-05
57,44,1,-0.06692930303910978,0.000118124204256435
57,45,3,-0.07015073691677479,5.37262586803183e-05
57,46,1,0.15336122925153192,7.154066314364193e-19
57,48,1,-0.12323704717866768,1.1579047192682101e-12
57,48,4,0.06614161394097412,0.00014171687214133954
57,49,2,0.12149111805176452,2.4218422695293596e-12
57,50,1,0.06219124465249239,0.000344837981426305
57,51,2,0.0755199901975916,1.3567447981945804e-05
57,52,1,0.08706736610477067,5.273346902451177e-07
57,56,1,-0.19172641844474256,9.511970698286562e-29
57,57,1,0.3307886603239799,4.284756354103486e-85
57,57,2,0.06571364227796737,0.00015833762496570417
57,57,3,0.11647201345075596,1.9313015714349983e-11
57,58,1,0.0691731999180751,6.857530984737737e-05
57,58,2,-0.08469590995777812,1.0744349438310016e-06
57,59,1,-0.11919735480538031,6.176351458773145e-12
57,59,2,-0.11064408548932203,1.7939592771376798e-10
58,2,1,0.06135459834849357,0.00041344446421072374
58,4,2,0.07028832617802908,5.153097378934408e-05
58,10,1,0.09237342378731912,9.980434295778192e-08
58,17,3,-0.06757007887046113,9.884888152625659e-05
58,35,3,-0.07284380731169543,2.7224833730313407e-05
58,38,2,-0.0585267942377289,0.0007479804376554182
58,43,2,0.06431975945339086,0.00021125885148933285
58,48,1,0.060739085785862734,0.0004688117414813509
58,49,1,-0.057846257803275215,0.0008635154990802488
58,49,2,-0.09737572609927651,1.9536984946098165e-08
58,54,1,0.0635596525339015,0.00025095563517699913
58,58,1,0.20233117353168012,5.540362564543137e-32
58,58,2,0.16095654951449556,1.0993152540346024e-20
58,58,3,0.09278276562998375,8.718184134840131e-08
58,58,4,0.12995831156092968,5.894560575510357e-14
59,0,1,-0.1467971905588257,2.0940004920957105e-17
59,1,1,0.06090552156608995,0.0004567372215940314
59,2,2,-0.061578407383013865,0.0003953268989932456
59,4,1,-0.07050352413177864,4.9250056602943074e-05
59,5,1,0.09013023476588347,2.0318818574825333e-07
59,11,1,-0.06408965130506303,0.00022309509736215998
59,30,2,0.06373990623816801,0.00024305484019085627
59,57,1,0.11241691417130945,9.12025619402509e-11
59,59,1,0.32441739953422194,4.998024330362886e-82
59,59,2,-0.0784726810642441,6.203858429772852e-06
