source,target,lag,coefficient,p_value
0,0,1,0.6096392553950514,9.207370705579071e-210
0,0,3,0.1318701322917425,4.4009420506141655e-22
1,0,2,-0.15249971258028897,8.092953687383984e-32
12,0,1,-0.07582188976233403,1.2074914931777836e-09
15,0,1,0.06536501438264485,9.138433894262431e-08
17,0,1,-0.08643350838724176,1.481844782369167e-11
19,0,2,-0.05793728235851085,1.3265837373643924e-06
21,0,1,0.09469957581479446,1.6193401720326813e-12
22,0,1,-0.09080921317333279,2.8906161694706493e-09
26,0,1,0.05696530326605672,1.8407633708842104e-06
28,0,1,-0.04222306865194448,0.0006608928529419621
29,0,1,0.04682074970147322,0.00011256528596279281
36,0,1,0.041476909387015225,0.0006654327047534058
41,0,1,-0.07974559931121514,5.404025248955324e-10
42,0,1,0.05761017559689835,2.9080351371961527e-06
46,0,1,-0.07344416937449166,1.0909557085742486e-09
52,0,1,-0.0977806368307612,2.113038848890721e-15
57,0,1,-0.08193427094356724,2.0273800829155113e-11
0,1,1,-0.05644675933088539,0.016731902654034618
1,1,1,0.5827786577880265,1.2886211331431985e-225
1,1,4,0.10009924748993371,1.4065792942510061e-11
3,1,1,-0.10704092083958108,4.6552711879843844e-08
6,1,1,-0.09851949257041054,5.791741945423647e-10
9,1,2,0.1347207297541057,2.489862683843331e-16
13,1,1,0.10565817734672128,2.941841742778608e-13
16,1,3,-0.047451192038415725,0.0005064361567168184
17,1,1,-0.0883070988469712,1.0721538489986848e-08
22,1,1,-0.09140231914600473,2.3605839464783235e-07
25,1,1,0.05447615400411784,0.00033292757777670236
32,1,1,0.04632521332089114,0.001003913747620518
34,1,1,-0.0466036567355207,0.0015859038488227
41,1,1,-0.11831471980950917,7.680239437665743e-15
42,1,1,0.09330802565446264,8.716332613113467e-10
42,1,2,-0.04170888924722008,0.004520274715626358
43,1,1,-0.04405627920486867,0.0028503946601167495
45,1,1,-0.09352520326941854,1.8831156248115954e-09
47,1,1,0.05633116072210627,0.00016237317324758682
52,1,1,-0.09746749785285126,1.8430019108187333e-11
57,1,1,-0.13318849917391543,1.3307277219661804e-20
1,2,2,0.08685899543079727,8.865863434854926e-08
2,2,1,0.43904025547993436,5.58427042026188e-123
2,2,4,0.06150488348974056,0.00011957734267194716
3,2,1,0.12229803990648615,6.610367560000528e-15
6,2,1,0.20786768497100408,1.2903461753320882e-31
6,2,2,-0.07805570818182898,5.416473718900609e-05
7,2,2,0.05791275156408911,0.0007840340835037708
10,2,1,-0.10590416855216803,1.0140357436833986e-12
13,2,1,0.09245724698234375,4.6389363935363747e-10
14,2,3,-0.05679867126286518,0.0001859873729095111
17,2,1,0.09719955361615248,1.720734135271357e-09
18,2,1,0.10906033899412447,3.383767836433647e-12
20,2,2,0.05120503738907207,0.0012313884755575082
21,2,1,0.09490615081170549,5.844137689853337e-09
26,2,1,-0.05190104348982816,0.00028969436189528913
27,2,1,0.09021554881217472,2.9324879850617817e-10
29,2,1,0.07167397384608791,8.853470721669259e-07
35,2,1,0.11092372432092408,1.781381442413185e-13
35,2,2,-0.05475071248641658,0.0002441965129565603
37,2,1,0.1423944774605455,4.199861638511745e-21
37,2,2,-0.07254389501539978,1.6293641998003155e-06
43,2,2,0.041439455490642915,0.004455117728393616
48,2,1,0.051354865344056366,0.0011058473097834167
56,2,1,0.0869062897117546,7.2579182674844e-09
57,2,1,0.10325031699337232,3.513040916136647e-12
1,3,2,-0.0760404340871306,2.2527450770670397e-06
3,3,1,0.5295385220966247,3.875918053266558e-183
3,3,3,0.04094508828076085,0.02590921521506307
3,3,4,0.05965027937790348,0.0002237464718528828
7,3,2,-0.09891543716586124,2.5831561014365735e-11
12,3,1,-0.07559530075810661,1.6537998723499544e-07
13,3,1,0.08860085286918624,1.4018779585830577e-09
16,3,1,-0.05042345474714954,0.00034658399796327297
17,3,1,-0.05230791331130102,0.0003281639591246816
18,3,1,0.08483258535183524,7.117298941707757e-09
20,3,1,-0.09037312498884992,7.187916586941872e-10
20,3,3,0.0553051469194746,0.00010759889185638395
32,3,1,0.053681201622408234,0.0001542161759961936
34,3,1,-0.10740273341997043,5.2141498897420934e-14
36,3,2,0.048042992705567104,0.0010168263042759946
37,3,1,0.1190786455162817,1.1203820560484112e-17
38,3,1,0.04403337503919829,0.002272059476061658
39,3,1,-0.0666744158041683,3.1091499853227924e-06
40,3,2,0.042997747836632606,0.0018904509433475504
41,3,1,-0.08978045676802843,8.224613381160808e-10
47,3,1,0.06712679018302073,5.431536997989803e-06
48,3,3,0.07045265071121412,6.828404764044488e-07
49,3,2,-0.04595022354648159,0.001368077792300279
56,3,2,0.058764495103125106,4.9775598253841916e-05
57,3,1,-0.07367210991750237,1.962865789093826e-07
4,4,1,0.5694567909455598,2.35862891490781e-295
11,4,1,0.0836535278143755,1.3612874557869556e-08
11,4,2,-0.07242296051450076,4.0755728342588456e-06
13,4,3,-0.0826439958873821,7.360818573229224e-10
16,4,1,0.08167367089749163,2.1542103187731525e-09
25,4,1,-0.0782225213974298,1.0835346617390713e-08
28,4,1,0.09685814572912078,9.375663434661068e-12
28,4,2,-0.08159246962381188,9.002946314442525e-09
31,4,1,-0.06739445234618412,5.682358085566497e-07
42,4,2,-0.05701010005519363,2.3711181716355485e-05
43,4,1,0.05532628261488005,3.564797838318269e-05
53,4,3,-0.09008013152058117,3.683084481096645e-11
2,5,1,-0.10619775694664996,6.811312123690284e-11
2,5,2,-0.0931584110161338,1.721352605884561e-08
5,5,1,0.4800029771968845,6.785748984515391e-175
5,5,3,0.05685711227789481,0.000682012994340914
5,5,4,0.06192705025355387,0.0001543295101662357
12,5,1,0.047435727834209206,0.0010124265328866307
15,5,2,0.05113948161395591,0.00034425141707835277
22,5,1,0.1022723229174931,1.967393514482205e-11
27,5,1,0.09161088843928467,3.943089368527559e-11
28,5,1,0.05763355499301046,9.76916932764965e-05
32,5,1,-0.060803737723345894,1.2900839216685253e-05
34,5,1,0.04308815446366975,0.0026658326085192354
36,5,1,-0.05319367993666196,0.0001822625282308419
39,5,1,0.052079686046044425,0.000248090489611324
49,5,1,0.047886784938654475,0.0008532053016678593
52,5,1,0.04865531052733899,0.00045048760363788773
56,5,1,-0.06347300519792502,5.48515689054528e-06
4,6,1,0.07295535687137333,1.4660430020459862e-06
6,6,1,0.45640612636504085,2.462505568387917e-153
6,6,3,0.0957680791619142,6.730940535334104e-10
8,6,1,-0.06459889016555342,7.40662575422368e-06
12,6,2,0.08834120798330537,1.2929806136016145e-09
20,6,1,0.07090452518839908,1.4768916853226954e-06
21,6,1,-0.09995549366701803,4.809698130635062e-11
24,6,1,-0.06568263473879712,7.221272822232357e-06
25,6,1,0.05764728004514687,0.00014556648638757805
31,6,1,0.05118693287174375,0.00037106581950688706
32,6,1,0.05961658808015956,4.434706633757514e-05
35,6,1,-0.04478012963393744,0.0021356201528537604
45,6,1,-0.04675601378051404,0.0030127409303186063
47,6,1,0.044850351818785196,0.0024403657097385317
50,6,1,-0.06199213861484714,1.929529795449286e-05
50,6,3,0.05654530003991246,8.392306860488108e-05
57,6,3,-0.06818544977364152,2.1533604973661513e-06
5,7,2,-0.06155515628900601,3.351383091153327e-05
6,7,1,0.06108681577980454,0.000294715390072733
6,7,3,-0.06937109895739729,9.791328674827423e-06
7,7,1,0.5330176166742323,2.454820714224459e-211
7,7,4,0.058567328108011046,0.0003356009059929473
10,7,1,-0.12820364815531854,2.6822760320623662e-14
10,7,2,0.07119962591083005,3.166166324122783e-05
14,7,1,-0.07061285119205354,2.5196215561704703e-06
15,7,1,-0.06916439373495696,2.1154245346870724e-06
18,7,1,-0.08793797050387833,3.760720545027081e-09
21,7,1,-0.08251560973516607,7.250005131342802e-07
24,7,1,0.08078359151572652,3.998031515968346e-08
28,7,1,0.06225152123050054,2.9165152056758535e-05
35,7,1,0.04887320208455512,0.0008334115556007183
36,7,1,-0.058552028852883096,9.148076161943462e-05
37,7,3,-0.05093231598100686,0.0004011775933656534
41,7,1,0.06418850576934153,4.5071385633344386e-05
44,7,1,-0.04798912226392385,0.0015366325010721831
52,7,1,0.1486636470816783,7.014358864121676e-23
58,7,2,0.04978741043868743,0.0005658256200310729
1,8,1,0.18600713197349578,6.700394195253572e-25
1,8,2,-0.06297327446189639,0.0002449109117331166
2,8,1,-0.14012095225931792,5.714167511076335e-17
3,8,1,0.07475717832649437,1.593043854835054e-06
8,8,1,0.4384009224728951,1.7437266515301516e-135
8,8,2,0.07154480670374233,7.297705617283692e-05
10,8,1,-0.14122481921211577,4.8971722540730684e-17
10,8,2,0.07500097423853701,8.058186239618147e-06
14,8,1,-0.03997761598187537,0.0069486456927087634
17,8,1,-0.10992617497704078,2.057396577319277e-12
18,8,1,0.04344031059490185,0.0037899479567164614
32,8,1,0.07720415221819468,9.632707085086211e-08
34,8,1,-0.05319996673335124,0.00021812912460425992
35,8,1,0.06665853981934829,3.015680201479234e-06
37,8,1,-0.09018391534529786,2.9381114495856515e-10
41,8,2,0.06551232344732458,6.456384361592158e-06
44,8,1,-0.04552646530728019,0.00208640631360335
48,8,1,-0.062369735891594356,4.083859103074085e-05
0,9,1,-0.2810263093551788,2.7855882899166444e-35
1,9,2,0.05769486063282263,0.0001916036766813065
2,9,1,-0.1836004040247032,1.553617782856483e-29
4,9,1,0.11914870125678823,6.877552423365787e-14
9,9,1,0.32728438190806863,3.239819240420259e-72
16,9,1,0.05573273078070507,0.00013436623200327628
17,9,1,0.06464942536363755,2.807769152006589e-05
21,9,1,-0.12751847834096122,2.063186956148813e-15
22,9,1,0.07806737258394474,2.9026614225574143e-05
22,9,2,-0.061788227550824776,0.00017548909201924522
32,9,1,-0.08049637261336423,2.0853070081726878e-08
33,9,1,-0.061112342792954376,5.7884804172467234e-05
35,9,1,-0.061300531348397344,1.641985108685739e-05
37,9,2,0.041756123193873416,0.0033803150740271343
39,9,1,0.05186615182351583,0.0005539627285524085
46,9,1,0.08974747927831761,9.018263049302196e-10
51,9,1,0.0794845429571265,1.4403262616631177e-07
57,9,1,0.08822811669855787,1.1799921054957134e-09
6,10,1,-0.14333267484665288,3.0282519892066616e-21
6,10,4,0.07027730936018145,2.203589781887766e-06
7,10,1,0.041793325080078866,0.004284851405206637
8,10,1,0.06966054429834344,3.0684018953045248e-06
10,10,1,0.5147591117503731,7.567293935577577e-178
12,10,1,0.045163734795031975,0.0022494962498153166
16,10,1,0.0410723055758653,0.005359974204114498
29,10,1,-0.06615998065444267,5.240412841692912e-06
33,10,1,-0.08875216231478729,8.371596863321087e-09
45,10,1,-0.08995303782505037,1.639476603213616e-09
56,10,2,-0.07558025210033768,2.261481235124017e-07
7,11,1,-0.057206419115245925,0.0006936998335056817
10,11,1,-0.0963550804234398,4.241879758478348e-10
11,11,1,0.33775550791772313,1.4836101899629004e-94
11,11,4,0.06235684452987723,0.00010896626280504029
13,11,1,0.06550352874323648,2.7759613138915565e-05
14,11,1,0.08144737807859276,2.762555457166778e-07
16,11,1,0.06482450716808924,3.420432508641481e-05
17,11,1,0.09117634243411851,2.8896543251885354e-08
25,11,1,-0.061152258860477794,0.00021829068944010014
26,11,1,-0.1068176415291468,2.2338451509901746e-12
27,11,1,0.0543182641304525,0.00040811837756174756
31,11,1,-0.06557051899925287,2.3812271498192836e-05
32,11,1,-0.10370364037509959,9.64371744228149e-11
32,11,2,0.06755445742367756,2.082525959207823e-05
36,11,1,-0.06813397166085856,1.1770865108945607e-05
38,11,1,-0.0805842966703206,2.556607456995668e-07
40,11,1,-0.08185258232365984,9.290283072202106e-08
52,11,1,0.12719763955933022,1.2944005589882328e-15
2,12,1,0.09698246318092468,8.681190436849311e-09
3,12,1,0.07144528130571155,6.400026592835804e-05
3,12,2,-0.057354171811541385,0.0022252981442437815
6,12,1,-0.12515216869442913,5.3007793760002574e-14
6,12,3,0.08003023089652231,6.491444136000999e-07
12,12,1,0.43717913709430917,2.7448126271486596e-146
12,12,4,0.056822074132608306,0.0005539737119060535
13,12,1,0.051920339928759204,0.0008479440579126711
14,12,1,-0.057997999634443645,0.00028084935836345936
22,12,1,-0.0687104487930266,3.275113107693773e-05
24,12,2,0.05726704161528404,0.00017465166487731903
28,12,1,-0.08909511147426744,2.0832190661309954e-08
30,12,1,-0.05372213957648866,0.0010208627877461057
32,12,1,0.0761816912238858,7.439601406899098e-07
44,12,1,-0.06369155133705781,4.5740309032436216e-05
46,12,1,-0.03974005318948373,0.009691356384992756
47,12,1,0.06254932551997104,7.58140457930581e-05
54,12,1,-0.05640802571295477,0.00026335653697715194
1,13,1,-0.08628716180550619,1.147038687048909e-06
2,13,1,-0.1374593549768499,3.909843968647904e-15
2,13,2,0.04720009084783385,0.01060130356198483
2,13,3,0.06803533199049498,4.238435504708638e-05
3,13,2,-0.06969600791071391,0.00010028920799426671
7,13,1,-0.13894489493976403,4.862472259617337e-19
13,13,1,0.43511661211648933,1.1852092182423942e-163
19,13,1,-0.0789934491415801,1.8314426845363888e-07
21,13,1,-0.11108586736574033,2.091389102447069e-10
43,13,1,0.06739438796724563,9.584481794978193e-06
46,13,1,0.07129329401384416,3.377762397832267e-06
56,13,1,-0.04631597548139585,0.002342695410003391
1,14,2,-0.09600165790740801,2.9960217944018434e-09
3,14,1,-0.07275419539769691,7.825816616918276e-06
4,14,1,0.07019767856819083,1.6228436911409895e-05
6,14,2,-0.0799697305903409,3.727134379409733e-07
8,14,1,0.04253603084560636,0.00724427894435944
11,14,1,-0.13435418410026437,1.5634372399066888e-16
14,14,1,0.34835207387169714,8.366438067258144e-92
14,14,3,0.07125211870488041,5.994146256491687e-06
19,14,2,0.05428260967057918,0.0004481955809233597
21,14,1,-0.05094488173311971,0.002379211833907764
31,14,1,0.07541011118582884,1.4529623661996573e-06
48,14,1,0.09937923982868897,1.6339854860421464e-09
49,14,1,-0.056235926547211344,0.0004885572010891028
1,15,1,0.0804878154177219,7.187284146684425e-06
13,15,2,0.05533376307311127,0.00035169521559501245
15,15,1,0.41070257873967464,1.5429745923394984e-132
15,15,3,0.07761879866901096,8.006630710299948e-07
16,15,1,0.08072373403212915,1.0236156251744382e-06
16,15,2,-0.05553186405300016,0.0007836356714904217
18,15,2,0.08930297983170515,8.666284386490939e-09
21,15,1,0.13255887379823098,1.0667128716649176e-13
22,15,1,0.05830163890815467,0.00036696386474330646
23,15,1,0.04138671420819553,0.008478662120150261
41,15,1,-0.06993790473075681,9.474882119852852e-06
56,15,1,-0.06539732688406333,3.0632447347998726e-05
2,16,1,0.11087163684038426,3.61460711352631e-10
7,16,2,0.07811830063122324,1.1260676894840297e-06
13,16,1,0.03981817919226272,0.012888885440569514
15,16,1,-0.0574220176263241,0.0005009343169618442
16,16,1,0.3700360505790466,5.675046752046907e-109
16,16,3,0.054263277705811255,0.0005579333543763362
20,16,2,-0.05018739518843132,0.0016534895346183465
35,16,2,0.0754035942999963,1.6816377828494717e-06
36,16,1,-0.07463676801414904,3.391753292647936e-06
45,16,1,-0.13033971565042068,5.809223781799667e-14
45,16,2,0.05912054668808356,0.0004861628379588373
50,16,2,-0.05396141547106676,0.0006141782140752296
1,17,1,0.07956524036806215,3.5772143335806534e-06
10,17,1,0.07155830637952593,4.741254572331229e-06
17,17,1,0.336854323926086,3.7788485210768656e-84
22,17,1,-0.07797055529001812,4.229421780490622e-06
24,17,1,0.08513053145305058,5.240234268362366e-08
36,17,1,0.05515769560583878,0.000774753570742586
37,17,1,0.10611570516710754,1.2085673032737684e-11
41,17,1,-0.14066257719843314,5.4594907621438515e-18
42,17,1,0.10567327848847817,2.0220881429048225e-10
45,17,1,0.06607654198170639,6.65412780038658e-05
50,17,3,-0.049623311381682154,0.001300336898886043
52,17,1,-0.05521313849849591,0.0005230535652391346
57,17,1,-0.09443680030400155,3.651286424331476e-09
0,18,1,0.08695464044463613,2.978357128485465e-06
2,18,1,-0.12205473286098482,4.657448714977106e-13
6,18,1,-0.041825005665626726,0.01004702666171855
8,18,1,-0.10453752083869533,3.220978138470768e-11
12,18,1,-0.09099691326327708,1.7101107505575374e-08
14,18,1,0.05294174323564529,0.0011727779922790823
18,18,1,0.3417507853867338,1.1775836491570131e-88
27,18,2,0.06852206576120645,1.0170606399142908e-05
28,18,1,0.05153006548822938,0.0009684202299498624
30,18,1,-0.07905607429003501,6.717679158300973e-06
32,18,2,-0.04325043181550114,0.005185034407556767
49,18,1,0.08126892705415333,2.1777048341528893e-07
52,18,1,-0.11853087418459098,1.1487813535204787e-13
58,18,3,0.06354062613871717,3.567774406936914e-05
2,19,1,-0.08833701506638758,5.096056095586069e-07
6,19,1,-0.1602299588950814,9.095642078146129e-21
15,19,1,-0.06913733641357922,1.4008862905452013e-05
17,19,2,0.058542583360531586,0.0001780308210163943
18,19,2,-0.09078866788437588,3.5317709740710828e-09
19,19,1,0.38589222066790024,1.342632057363735e-126
27,19,1,0.06673672278951694,1.776001328090039e-05
28,19,1,-0.10464576191550462,4.086352476845512e-10
28,19,2,0.059978571191894044,0.00025557458787384753
36,19,1,0.0695061822817345,9.966426883186544e-06
41,19,1,-0.1207330006430537,5.076113085506334e-13
47,19,1,-0.06875106597910058,1.0315358389979339e-05
52,19,1,-0.07947668036428379,5.031104746549039e-07
53,19,1,-0.05975880254210369,0.00010476642890720726
54,19,1,0.08596501730071643,4.141203574149535e-08
57,19,1,-0.03949197867776189,0.010043315705761328
14,20,1,0.04680557917928344,0.0032390899348161595
17,20,1,0.07088509981030457,1.2755203442248908e-05
19,20,1,-0.0889058287764059,2.010125726943879e-08
20,20,1,0.3828144422168214,7.096150828074894e-121
22,20,1,-0.0639671470981101,7.111678983135063e-05
26,20,1,-0.0435776199593116,0.00544541389914061
27,20,2,0.04918422329223016,0.0017339871199437403
28,20,1,0.06739938158449106,1.710234652347318e-05
37,20,1,0.047134228691396524,0.002544236323518531
56,20,1,-0.122458875695744,8.71366308313728e-15
57,20,3,-0.06496652997153154,3.1269103669558176e-05
58,20,1,-0.0459213935618599,0.003968554713984871
0,21,1,-0.1512342844915679,1.804710341403745e-10
0,21,2,0.09228801158619633,9.10654971677384e-05
5,21,1,0.04218571246395665,0.012189129574555127
6,21,1,0.06862178487329901,6.549496137433181e-05
9,21,2,-0.07031189313798654,0.00012416508286996932
11,21,1,0.08969905556888612,1.612670724342715e-08
21,21,1,0.3570498096247907,7.880776115081995e-95
21,21,3,0.05050143398362242,0.0011141202793985114
24,21,1,-0.07958726819885524,3.056142428277217e-07
28,21,1,0.04760774746244277,0.002835934719136818
35,21,1,0.05399174223934383,0.00047013648747011436
36,21,2,-0.06862536213566907,2.4639078384028258e-05
38,21,1,0.06912145613292876,1.2489065421915186e-05
41,21,1,0.09151532957812371,3.250037842647002e-08
42,21,1,-0.12835642839503403,4.260185309810289e-16
44,21,1,0.11469302332652663,1.7688395847799102e-13
46,21,1,0.07105067208018286,4.640460305856913e-06
51,21,2,0.0399319732503226,0.017421802436287277
57,21,1,0.11550538222046006,3.1795338103200737e-13
57,21,3,-0.05352244940544548,0.0007180057478540697
1,22,2,0.11699522619661679,1.4697014443864117e-13
11,22,1,0.0693388259009106,7.910952048439759e-06
22,22,1,0.42035934933802355,3.5898745992875593e-134
23,22,1,0.0976533827486469,1.1008651142679483e-09
24,22,2,-0.0702476316790892,3.702032017942023e-06
26,22,1,-0.09351124532888075,1.4222931023715889e-09
34,22,1,0.03991268870431044,0.01127208865715793
36,22,1,-0.04597895886839828,0.004072450787621125
42,22,1,-0.11100259957822695,6.25261984479618e-13
43,22,1,0.07502753729300923,1.792409978588122e-06
44,22,1,0.07840788099238359,2.7608308011448516e-07
57,22,1,0.13215664532824153,1.0668273746534712e-17
0,23,2,-0.20063965989328064,3.5593454313384123e-23
2,23,1,-0.07948566200928375,1.115037456218072e-05
4,23,1,0.16025053613846024,1.5990197860275834e-19
11,23,1,-0.07075969342481007,1.3980473899832411e-05
13,23,1,0.05830319184533124,0.00015949627173614096
14,23,1,-0.06364166219866085,8.635264053854541e-05
18,23,1,-0.06642804011125233,5.3185714426293515e-05
21,23,1,-0.06454850406967028,0.00011103649929102247
23,23,1,0.43813645360016407,5.147135472468832e-127
30,23,1,-0.05524210168509096,0.0015898237440412505
34,23,1,0.04410376531055709,0.008601171189690603
34,23,2,-0.10409376270903219,6.596735631473253e-11
43,23,1,-0.07618431391549058,9.193317396432674e-07
45,23,1,-0.07486118409850269,1.79786711905121e-05
50,23,1,-0.05627752593109938,0.00019830539070834363
56,23,1,0.09606382209423935,8.831871546025247e-10
58,23,1,0.045168446110835585,0.005063570874968774
59,23,1,0.06675694815205054,3.4193439506969714e-05
6,24,1,0.0862783357481458,1.8570812490892693e-07
8,24,1,-0.0927211108801422,2.0573515242594832e-08
9,24,1,0.06654643759486711,0.00015494817306543378
10,24,1,-0.0593023915952403,0.0002144540237130096
14,24,1,0.0409011883439652,0.014393497066694511
18,24,1,-0.09483015254826743,9.162290004862237e-09
21,24,2,-0.0431058542446336,0.008082647088518786
23,24,1,0.044504510014525066,0.013834821689644521
24,24,1,0.3211404542933527,4.284546224539325e-80
49,24,1,0.10991639298298712,1.8527379191200497e-11
50,24,1,0.07009912961355683,1.3095616103239775e-05
51,24,1,-0.08104597573126618,7.786866235366094e-07
55,24,1,-0.08590138384205902,3.052991465159782e-07
59,24,1,-0.08148707737686327,1.1104225950328508e-06
3,25,1,0.10065035869510448,3.10865481345776e-10
4,25,1,-0.1718018535536905,2.084274076838178e-24
6,25,1,0.09256335304384722,3.745236194168642e-09
16,25,1,0.04890877059230623,0.002256985023249026
18,25,1,0.05830275511543102,0.00020596610497058499
21,25,1,0.08468003857211732,3.2547347179118654e-07
24,25,1,0.040941624658549385,0.008708934839181833
25,25,1,0.36087205915152876,5.284699966399099e-100
26,25,1,-0.04822957036692679,0.0018507529679678543
45,25,2,-0.08717060769391079,3.686675498039084e-08
53,25,1,0.0520041374960713,0.0015610836560342645
54,25,1,-0.05163128252561803,0.0013516037475143087
55,25,1,-0.11608231096278225,8.614939946735012e-13
11,26,1,0.12166573864920413,4.2252303406676267e-13
22,26,1,-0.05701426590350252,0.0007399651724992394
26,26,1,0.3152813241057344,9.419835665444087e-78
36,26,1,-0.077699196640653,2.2974703328877146e-06
37,26,1,0.04221334810649424,0.009480816627659991
51,26,1,0.044243186914632145,0.007572222768437386
0,27,2,-0.07700139738870514,0.0010170348538307982
0,27,3,-0.09766672559917988,8.455892514635304e-06
5,27,1,-0.08797181688809012,1.7704367005452767e-07
7,27,1,-0.06636924167290137,6.950132779393678e-05
8,27,1,-0.08700809061331387,2.3805285788185794e-06
8,27,2,0.08288303406160376,5.51566154294794e-06
13,27,1,0.06808268162155462,1.8609058756614175e-05
17,27,2,-0.039533525692909556,0.01952106641307125
22,27,1,-0.16579770256136858,4.130843521601099e-21
27,27,1,0.3419618794416366,2.0392099156477536e-95
45,27,3,-0.05380886355896233,0.0014246514288197615
3,28,1,-0.04279085311328529,0.009560503210991257
16,28,2,0.0526933245889408,0.0011446036976700937
24,28,1,-0.057263293959247785,0.0003820448435629768
28,28,1,0.35070978934570624,9.821103183564355e-99
31,28,1,0.0436477349390446,0.007772542935266967
46,28,1,0.049743077296988285,0.002073603444396267
56,28,1,0.06401026592190671,9.20048155211478e-05
57,28,1,-0.09000137289885249,2.3575101477788727e-08
3,29,1,-0.14198564652530968,1.0160489674075824e-17
7,29,1,0.09547748691983793,6.297382309523058e-07
12,29,1,0.05352119982328991,0.0012634660121646098
13,29,1,-0.07611986194421566,4.332500313535703e-06
15,29,1,0.08183636714992205,1.1725763576206665e-06
23,29,1,0.0789356550971215,2.738339718227678e-06
29,29,1,0.2696928452375987,8.760990451175474e-53
29,29,2,0.12438896568310973,2.2569622077739181e-13
32,29,1,0.07741030483962509,2.1605323758660176e-06
40,29,1,-0.0852712371084711,1.2841061631565573e-07
42,29,1,-0.07974292354439304,2.5583053930385532e-06
44,29,2,-0.06406548732504497,0.00017223448273766557
46,29,1,-0.1272366329773416,3.712920271499208e-14
46,29,2,0.09184225887916782,4.7520322896649154e-08
47,29,1,-0.07185376209258346,2.2537182700893024e-05
49,29,1,-0.08606419142317819,2.28458187820393e-07
0,30,1,-0.29400813211841614,1.8880711671795918e-57
1,30,1,0.14864079595891078,4.146075515274705e-21
2,30,1,-0.07030218494483552,7.92678835066564e-06
4,30,1,0.1736142237447993,3.4541896152667547e-28
8,30,1,0.04328663893289429,0.004879410965710173
13,30,1,-0.10507730520977233,5.876451941460716e-12
14,30,1,-0.06255970502743363,4.261878900360197e-05
23,30,3,-0.05891514886413873,0.0001221597676523512
29,30,2,-0.04049016176939,0.00590254563253703
30,30,1,0.24638532881956193,1.3261003026630113e-45
35,30,1,-0.04821009626977344,0.001134769619511643
43,30,1,0.06922518054707646,4.236985885966875e-06
46,30,1,0.06187844209881052,7.098612459252846e-05
50,30,1,-0.11376901828776251,2.7004201322755655e-14
52,30,1,0.08622887944349639,9.72655818966319e-09
56,30,1,0.05776001661557111,0.00013360460613362512
2,31,1,0.11264868318266805,1.0392127421413505e-10
3,31,1,-0.08218564222339111,1.62118422158846e-06
7,31,1,-0.07371285387172548,1.0341880209754743e-05
16,31,1,0.09504051902908733,5.006641855214965e-09
17,31,1,0.07503557579846498,5.973261933132546e-06
19,31,2,0.04235925235493287,0.008265320142453042
31,31,1,0.29454897211832753,2.133383457657861e-68
31,31,3,0.08641421648653914,7.456753979002128e-08
43,31,2,-0.05744444648843475,0.0003538123384330865
46,31,1,-0.08035983230776256,1.5360949401016787e-06
47,31,1,-0.1057871634086163,4.783326151961804e-10
55,31,2,0.07802927152997645,1.4835478090919486e-06
56,31,1,-0.06792514348258022,3.074309939059914e-05
0,32,2,0.06522510393569037,0.00034788974219029765
1,32,1,-0.08433276257562836,8.828878983742746e-07
7,32,1,-0.07434229481823085,1.717769606907485e-05
29,32,1,-0.09185673063516132,1.1539539636779841e-07
29,32,2,0.06214048956558427,0.0003415762318017626
31,32,1,-0.055363986467425,0.0008402084457812233
32,32,1,0.294996840364645,8.306756698700184e-67
32,32,4,0.08088156911280033,7.490489406228539e-07
44,32,1,-0.054783006889146765,0.0010518777902206802
46,32,3,-0.06330298698389751,0.0001376664642365151
55,32,1,0.04618641134775639,0.011023826064611334
2,33,3,-0.07038063895447509,1.106029659538981e-05
17,33,1,-0.09053697607765847,1.4750020324432685e-08
21,33,1,-0.04923453555436598,0.003386106721059284
23,33,2,0.12537590797220138,5.991266063325247e-15
32,33,1,0.0933131831737511,1.2154711550885373e-09
33,33,1,0.3074715646813353,1.20754919025136e-69
33,33,2,0.13025598352374929,1.0602448808111296e-14
35,33,2,-0.04662922015592696,0.0026143112403479514
42,33,1,0.08451566562958031,1.3867031666528495e-07
46,33,1,0.08597752288669422,5.3575803213009585e-08
55,33,1,-0.04523806680801295,0.005942474079760746
2,34,1,0.11044045532799959,1.9474906557762263e-09
3,34,2,0.04456624545462153,0.005288015803344672
6,34,1,0.07537045747137082,4.752387014957638e-06
11,34,1,0.1517940919116507,1.1706475208706717e-19
23,34,1,-0.04452253029894092,0.009865257982594496
26,34,1,-0.0634185169137752,7.382842581223577e-05
27,34,1,0.050973439874060354,0.0013106120095699777
32,34,1,0.0640335586062557,0.00010253520123582445
32,34,2,-0.08260339621469842,6.980296785362117e-07
33,34,1,-0.04601497011344832,0.005905781845595622
33,34,3,0.049437711382090625,0.0026447627118991214
34,34,1,0.30491207998393627,4.150479375655786e-73
37,34,1,0.056035390807523115,0.0003792680928037757
39,34,1,0.047685399626315746,0.003637492157836708
42,34,1,-0.05571475143757217,0.0009506178982163463
48,34,2,0.09163489047840327,6.9548217716866014e-09
57,34,1,0.04951728586460321,0.0018350952677649115
0,35,1,0.07719358725662215,0.0001345653907627884
1,35,1,0.04059783773554997,0.028289125293747712
1,35,3,-0.06429656519169111,0.0004177894453995615
3,35,1,0.09589430331827321,9.111903108506359e-08
5,35,3,-0.06165507505985619,0.0002813464123146051
10,35,1,0.08382733098222342,3.1332490149272636e-07
18,35,1,-0.11260602221934661,7.189741062630153e-11
23,35,1,0.07104740253638642,3.240880770950241e-05
31,35,1,-0.04373119664381333,0.007973883294680075
35,35,1,0.2863323034199898,2.0973212134068243e-65
39,35,1,-0.08636978965082182,2.233178049035148e-07
50,35,1,-0.06005598516617532,0.00021312600577844885
51,35,2,-0.05977357913204448,0.0003527132847433055
53,35,1,0.11488184556808205,2.0231009804489428e-11
56,35,1,-0.06700146963873405,6.610228318519784e-05
3,36,1,0.04353501349942425,0.017430773366350228
7,36,2,0.07913063199556654,1.681801859338916e-06
10,36,1,-0.042995027307726204,0.009029799484949641
11,36,1,0.07017568372887735,3.05375681677212e-05
13,36,2,-0.0736736642874869,6.223614185471426e-06
20,36,1,0.06789646530675197,2.7043729083736172e-05
22,36,1,0.09920078220543316,8.520354983437434e-09
28,36,1,0.061805000360245235,0.00019771292674418997
35,36,1,0.07910549040092495,9.849138905581965e-07
36,36,1,0.3366990377161864,2.4099138958830993e-83
39,36,1,0.10657723440126625,1.5424009432418203e-10
41,36,1,0.05895325967639446,0.0004288306295784174
47,36,1,-0.06883676815059443,4.176779828828038e-05
50,36,1,0.06850267807116835,2.2493743776281226e-05
54,36,1,0.07222856611467846,1.315036252833684e-05
59,36,1,0.09589244975789968,8.87856656089782e-09
1,37,1,0.058477074523666586,0.0005078008357815334
2,37,1,-0.06686296379455856,0.00012005417547789898
8,37,1,0.05028397002240607,0.0024922540702204915
20,37,3,-0.06719507379316741,3.6858876820230034e-05
24,37,1,0.0708273045682879,1.8649271636538387e-05
30,37,2,-0.04571409455894322,0.006606993492495218
37,37,1,0.30391058116716163,1.4452252814547328e-72
38,37,2,0.05227608281244051,0.0016961566182826361
47,37,1,-0.06569580635377138,8.04304645946602e-05
50,37,1,0.05383990776378887,0.0009177793870185767
59,37,1,-0.07945265094435287,2.496386036738369e-06
0,38,1,0.14680473582911485,4.486660509000109e-19
4,38,1,-0.13144982979988512,7.505621963137257e-16
10,38,1,0.07513258848872736,2.19638759851655e-06
11,38,3,-0.050319114157536315,0.0014472644601998756
15,38,1,0.05691201089773738,0.000317239370243823
24,38,1,0.10328351181948772,9.663458358668375e-10
24,38,2,-0.08139965027459542,1.4847277565736046e-06
38,38,1,0.2976288217918729,4.903864702415486e-70
50,38,1,0.08066943773252874,4.1349641349536986e-07
2,39,1,0.1200022336831768,1.3867799398777895e-11
4,39,1,-0.19175713129976604,6.851766560476244e-28
6,39,1,0.06495463341062149,0.00010022681626930416
10,39,1,0.06150306096602501,0.00016236179983736583
13,39,1,0.1164378038302688,2.603756854783388e-12
21,39,1,0.05460453828802923,0.002270868447374407
22,39,1,-0.13867273044394646,4.2701098331916844e-14
39,39,1,0.24721805097084396,2.4111550263541713e-47
52,39,1,-0.05440277453176301,0.0011243901094957157
59,39,1,-0.05695574273987997,0.000915201673472769
4,40,1,-0.09992803888232113,2.533922304196807e-09
5,40,1,0.1294960986545886,2.474634947100248e-14
12,40,2,-0.05513712203865389,0.0006726045921351015
19,40,1,0.10876750366544348,3.5757692592917344e-11
40,40,1,0.29052782862248866,3.24933264022781e-64
50,40,1,0.0819988209580829,4.911026013214307e-07
53,40,1,-0.06291753651072894,0.00024583756211413914
57,40,2,-0.06626112969004253,6.981264391588883e-05
5,41,4,0.05390320971554198,0.0012296026454997303
6,41,1,-0.11532428873264398,6.549994753575499e-11
8,41,1,0.06601500014577986,0.00012567257465544146
20,41,1,-0.08281329931858455,9.992158198568753e-07
20,41,3,0.05978371379898941,0.0003703568332138171
21,41,1,0.04323022049691376,0.01145353894479142
31,41,1,-0.07072417786122073,2.5692276399351056e-05
37,41,1,0.062302262286378245,0.0001944721870822031
41,41,1,0.18656448720542243,1.5499232054112961e-24
46,41,1,0.0874347689091585,3.2015638930118163e-07
0,42,1,-0.06188731726099919,0.0004306811008055513
1,42,2,0.08090077796538186,4.026283849594367e-07
2,42,1,0.16897833530578726,2.388316120680523e-18
5,42,3,0.09201628442556463,1.237272974341859e-08
8,42,2,-0.05742064530719043,0.00031785693297559266
10,42,1,-0.08429546776243353,8.795404711007948e-08
11,42,1,0.06451118529438568,8.976359820209389e-05
12,42,1,0.04636638898498315,0.004037643391743365
15,42,1,0.059748235452934194,0.00026733038706434545
20,42,3,0.06400621343075993,4.5941620545041783e-05
27,42,1,0.06089004405027957,0.00014034544573142966
36,42,1,0.08623087442817065,8.422183381660981e-08
42,42,1,0.24570032682359624,8.085420878257376e-48
45,42,1,0.06600063615956349,0.0001653749617194474
54,42,1,-0.06899529585053375,2.6955321723871602e-05
3,43,1,-0.1051149127846129,2.3188217108321574e-09
11,43,1,-0.04587221498896459,0.006316543886693928
15,43,1,0.09566917154979343,4.4066269555932145e-09
20,43,1,-0.10225850437181896,4.560760181462642e-10
23,43,1,0.11964303427032599,6.847536452620038e-12
27,43,1,-0.06768663479778439,3.559517769527007e-05
36,43,1,0.07442523620751018,1.0842237635421692e-05
41,43,1,-0.04061057709990293,0.014886625221643503
43,43,1,0.27965126789233435,3.225542792632479e-62
43,43,3,0.06886753901643408,4.044791427620186e-05
43,43,4,0.06622575935899432,7.10878678076523e-05
44,43,1,-0.08666417457097465,8.621414371514199e-08
49,43,2,-0.05965239635712853,0.00025063288346091877
51,43,2,0.07247595410183,8.907416506715593e-06
56,43,1,0.05528215466416151,0.0008823113727103422
1,44,2,-0.0993773874472394,6.562741570510433e-09
2,44,1,-0.13535259306266026,2.3078190170739544e-13
2,44,2,0.05713470834559394,0.0018779769566624506
6,44,1,-0.10248727371215029,3.0499945606814327e-10
7,44,2,-0.09342549443771561,1.3230239177932552e-08
8,44,1,-0.09656814640499636,9.547537438380549e-09
16,44,1,0.12108252343883034,3.099909762761767e-12
16,44,2,-0.07646638375339432,8.004888458114011e-06
29,44,1,-0.08222248474425783,4.764133575843139e-07
36,44,1,-0.06565260531341521,6.287969004735113e-05
37,44,1,-0.08733339545463888,6.859563171546034e-08
40,44,1,-0.06237060105545755,0.00016624661192526325
44,44,1,0.28370035351969425,1.6992811739617834e-62
55,44,1,-0.06296186336550719,0.0001747269696044411
13,45,1,-0.06445677507668823,7.361843739517853e-05
18,45,1,-0.05757892558095563,0.0004916321523624769
19,45,2,0.08580640832713606,1.4837288704466086e-07
20,45,1,-0.06364337231523454,0.0001415045990224803
22,45,1,0.05878880382566972,0.0005756159275785653
23,45,1,0.08091424322402517,2.438194087910189e-06
24,45,1,-0.05501726350396236,0.0006697207045830742
32,45,1,0.04328056971733455,0.008689849675023247
37,45,1,-0.08610978320338178,1.2669927870474678e-07
44,45,1,-0.058577144837590564,0.00031492031683723895
45,45,1,0.25155095647506337,2.0579180887017029e-47
45,45,3,0.10130617638970277,4.951610574363049e-10
49,45,1,-0.06838805367908335,3.9372254742934865e-05
58,45,1,-0.04992922233583589,0.0025920479112930377
9,46,1,-0.23887928246209855,6.732609269715057e-34
9,46,2,0.15434367494131507,1.4941956839172107e-16
15,46,1,-0.05148877460011658,0.001530480701748929
16,46,1,0.06131166678673834,0.00016654445281216385
17,46,1,-0.09406127449517543,1.0730061134225258e-08
19,46,1,0.07643567094039655,2.104932924376069e-06
21,46,3,-0.05325293633464114,0.0012398089575689098
23,46,1,0.15789507905554426,3.7505544623408386e-20
37,46,4,-0.048179418966816774,0.002872993397172154
46,46,1,0.26054686460920273,3.497397952010518e-51
46,46,2,0.058309704073616846,0.0006401548890851785
53,46,1,-0.09229010807829587,3.7958522315513535e-08
53,46,2,0.04793959679518007,0.004389594297683805
0,47,1,-0.15823681829542247,7.040039102304549e-17
1,47,1,-0.14429251810363616,1.4604093596135174e-11
1,47,2,0.165574492495218,4.210376173024596e-17
4,47,1,0.07623776631765715,3.885785191671948e-06
15,47,1,0.05567739102381817,0.0006563998737917388
17,47,1,0.05914773604819477,0.0007623895388330923
26,47,1,-0.0782417315003722,2.088813638867517e-06
28,47,1,0.09234513995194323,5.670758763677195e-08
35,47,4,-0.060027023306862805,0.00013496860584589587
36,47,2,-0.05201290425086674,0.0030675125676720883
42,47,1,-0.08154631084471968,8.614873886428682e-07
44,47,1,0.08333386936469994,2.616109208375794e-07
47,47,1,0.2116331901456096,3.504770395153765e-34
47,47,4,0.07819358368332129,9.054185216158063e-07
50,47,1,0.0486447582754011,0.0023410607187677873
54,47,1,-0.046075195485870045,0.006174257429749156
56,47,1,-0.04907419836542729,0.002551510655793017
57,47,1,0.04721596363264779,0.004450688424811786
2,48,1,-0.11601549744225875,3.5410219675855057e-10
6,48,1,-0.06923800373035169,3.087788366889231e-05
7,48,2,-0.06396546984769588,9.330615279876156e-05
11,48,1,-0.049451188930557916,0.003513070435405123
14,48,1,-0.0456864512789307,0.007214653835406125
15,48,1,0.05503925280556951,0.0011428818712560349
16,48,1,-0.07815068863591425,2.3458047267432884e-06
19,48,1,0.07256291299661795,1.420636624166296e-05
27,48,1,-0.13982246518069727,3.172795535838304e-17
38,48,1,0.04033616947038195,0.013965752203430867
48,48,1,0.22646860967415225,1.7794042256971984e-36
49,48,1,-0.08682897291297774,1.6188816809660874e-07
51,48,1,0.10818106665001512,1.2578941534201327e-10
54,48,1,-0.07880941662149599,2.207010763951727e-06
1,49,1,0.08739342462799546,2.5402141883500806e-05
1,49,2,-0.11461595317634596,2.575178655864236e-09
7,49,1,0.09861258685428945,1.70487794384846e-08
10,49,1,0.0548186095469985,0.000861760215369811
18,49,1,-0.08191019766380332,8.15555120610065e-07
30,49,2,-0.12387037492977529,3.574156960840297e-13
31,49,1,0.04846687380921768,0.0034988237449378387
32,49,1,0.08060836275623251,1.379607118037408e-06
43,49,1,-0.058144229783464174,0.00047874617519949093
44,49,1,0.0643243069287433,0.00012164653099732752
48,49,1,0.06644153955196634,8.305973295015721e-05
49,49,1,0.2731611263108701,5.006457448684089e-58
55,49,1,-0.08812713542375684,4.5058236328841477e-07
2,50,2,-0.05846415184647671,0.0005689527726007612
11,50,1,0.0539614535413608,0.0014514463359724561
19,50,2,-0.07152401121158082,2.1795518534207926e-05
28,50,3,-0.09282387202936258,3.2248760749404554e-08
35,50,4,0.05496372832591948,0.0008274865315654442
47,50,1,-0.0659872159981603,9.026973637066208e-05
49,50,1,0.08562816159643241,3.49315978782663e-07
50,50,1,0.24105174399549123,1.5797920655524036e-46
56,50,1,-0.10945848814373162,3.8995276535008867e-11
58,50,1,-0.08290799355325204,7.196949950757894e-07
1,51,1,0.1290018041177602,2.8671599410130886e-12
12,51,1,-0.05343423501475055,0.0015787194143924036
14,51,1,0.07980570513376982,1.3049445631157421e-06
20,51,1,-0.10157673866546486,4.550898562168647e-10
28,51,1,-0.05959574200009229,0.0008869585441441469
28,51,2,-0.05044180629040203,0.003127480705005668
39,51,1,-0.07031330618026602,1.2904501001362254e-05
42,51,1,0.0705603320551056,4.5465464175571134e-05
42,51,2,-0.05339184755856902,0.0015441433053336358
47,51,1,0.05730723057636716,0.0005842161942748467
48,51,1,-0.054285686801975236,0.0009836242061343034
50,51,1,-0.07027206112828827,1.0904231512979068e-05
51,51,1,0.2967596195757536,6.019563570643843e-65
57,51,1,-0.102624484930101,2.4907177146880303e-10
58,51,1,-0.07369820208629393,6.795340960389409e-06
3,52,2,-0.08466468235318661,2.796131739235678e-07
6,52,1,-0.07834644666868944,2.4138968415937393e-06
7,52,1,-0.11424811349989529,7.1395799441973915e-12
10,52,1,0.09160875805608126,2.2925249733942526e-08
11,52,1,-0.07531175528135657,6.671761608259951e-06
13,52,1,0.08110191476418384,7.834621396455222e-07
19,52,1,0.10642920761148743,5.791780579507034e-11
27,52,1,-0.09561051419346796,4.8086725853155615e-09
32,52,1,-0.12623017634224115,1.1320314242413027e-13
32,52,2,0.05161188756288703,0.002637907876871579
33,52,1,0.04968811464282024,0.0026129806751421943
52,52,1,0.18512994444747483,3.2188194462533516e-26
52,52,2,0.06579785444822414,0.00012729769305324916
52,52,4,0.063191897280194,9.142746569598471e-05
4,53,1,-0.17583809151253693,3.2327582504635586e-24
9,53,1,-0.09788732200891424,7.307601992483991e-08
22,53,1,0.1018318299459343,1.2164744646121596e-08
23,53,1,0.14200734822734606,1.3680419184031288e-16
42,53,1,-0.077973174965297,1.283278161399583e-06
44,53,1,0.07328362125236726,4.045543991530681e-06
46,53,3,0.06296853057836002,7.97049323968301e-05
49,53,1,-0.09438832727329527,7.806799237013165e-09
52,53,1,0.059935181336717394,0.00021362256482428742
53,53,1,0.20441515939809426,3.834128030856087e-33
53,53,3,0.08713371677036717,6.129076889949852e-08
57,53,1,0.10872652979012075,1.877721719259447e-11
0,54,1,0.06134405007157473,0.005307046516706081
3,54,1,0.11386539411408145,4.333624647395097e-10
4,54,3,-0.06727010482489232,4.7332893974632826e-05
9,54,1,0.05396417828011664,0.006574882732790713
15,54,1,0.07876103985833816,1.9807321427129826e-06
17,54,1,-0.10768637210066774,7.876602902561088e-10
21,54,1,0.061791529418220505,0.0005334815117496533
28,54,3,0.05683243883958526,0.0003994464318272708
33,54,1,0.046636830546612655,0.009774262024301757
46,54,1,-0.09350827320308072,3.2212176917128425e-08
49,54,1,0.09862521142035856,3.93455137268985e-09
50,54,1,0.0675410226788037,3.5143482645437185e-05
51,54,1,-0.08939652057371855,5.260204520702604e-07
54,54,1,0.26172382550914397,1.184215259496877e-50
55,54,1,0.051380979333228355,0.0031414910896894184
2,55,1,-0.12895811592008324,5.462306439131411e-13
5,55,1,0.16602025823730493,4.198189218580872e-20
13,55,1,0.07510342665246117,3.7389081327944218e-06
15,55,1,-0.07091856899988343,2.7462644697633226e-05
18,55,1,-0.07362132598573203,5.1362964038265695e-06
28,55,1,0.17432177658453543,1.5385956712262716e-24
28,55,2,-0.07016686945267657,4.100798345178958e-05
34,55,1,0.058835411900917095,0.0002859150414264464
44,55,1,0.08788655274546699,1.2717070234049263e-07
55,55,1,0.1684494016199409,1.0561911478027525e-20
57,55,1,0.06179327926497543,0.0001538465657846067
59,55,1,0.09199235505279159,4.7400697632761314e-08
2,56,1,-0.0582248784125077,0.0006436752795615577
2,56,3,0.056022555269245995,0.0008421629743390653
6,56,1,-0.05738144531922402,0.0005155249734497004
7,56,1,-0.05786260846088392,0.0010962775419671126
11,56,1,-0.047928105122796,0.0043900040501717984
11,56,3,0.07586054996263147,3.593830553723781e-06
20,56,1,0.13931294146144954,3.8112872516600424e-17
24,56,1,0.0671091410600591,3.525823578628917e-05
31,56,1,0.05715152415620849,0.00038884283540315906
35,56,1,0.057956659498522765,0.00034119754077431124
46,56,1,-0.06675226482778217,4.711799105193531e-05
56,56,1,0.2949973485945291,5.536533187403991e-68
56,56,3,0.06656305061230579,8.409844230956017e-05
56,56,4,0.07317781410854123,1.467249805042352e-05
1,57,1,0.04724030357401603,0.022344175746913858
2,57,1,-0.08582679029005638,6.770058574222092e-06
3,57,1,0.09780860678645131,2.0133386895170005e-08
8,57,1,-0.08525480813613417,2.48658628210458e-07
13,57,1,0.07701314941803343,1.7397641993410422e-06
15,57,1,0.08407277860603098,7.590758279764415e-07
26,57,1,-0.057003111111702955,0.0004856920062239235
45,57,1,0.06987917774189076,5.686781254513849e-05
48,57,1,-0.0924263403005673,8.75417107286564e-08
57,57,1,0.33253519554145544,1.4707420208914038e-82
57,57,4,0.11681215922989026,7.553186951670014e-13
5,58,1,-0.09744159458506105,5.952309984155533e-09
6,58,1,-0.06369811899640199,0.00013867991289411873
14,58,1,0.07014806888659793,2.7096321661067972e-05
15,58,1,0.08582812287154898,2.8848131614898024e-07
28,58,1,-0.0746243461951031,6.485569049999994e-06
38,58,1,-0.061763513743138175,0.00019533806871497415
57,58,1,-0.07080649030655904,2.3413017017381486e-05
58,58,1,0.24704627922642533,1.5281701794326587e-48
58,58,3,0.08065870278310634,8.780107043503498e-07
0,59,1,0.11263854464775015,1.4920421009184814e-08
1,59,2,-0.05398535693678586,0.0030948580159824083
2,59,1,-0.1670499007994681,4.3439531180361567e-17
2,59,2,0.07601985088430806,0.00012380514521611257
8,59,1,-0.059413519576720565,0.0004875333767475264
21,59,1,-0.04639595589554309,0.010354424887075893
41,59,1,-0.07937409962629657,2.4047261287211545e-06
42,59,1,0.0638045301962534,0.0002055300068101639
44,59,1,-0.0689921692285217,3.9725259496749606e-05
46,59,1,0.046139055695230906,0.006546684674786588
50,59,1,0.07034904676332028,1.3829682891575892e-05
54,59,1,-0.09295625160297534,3.60110425008499e-08
59,59,1,0.24948348248078261,1.0124308125686116e-46
