region_index,region,target_burden,ace,acs,amce,direct_out_strength,direct_in_strength,ace_rank,acs_rank,amce_rank,requested_g,actual_g,tau,sample_count,whole_system_phi_eid,target_burden_sum,mean_rate_hz,stabilization_start_s,runge_path_scale_factor,runge_path_spectral_radius,runge_path_alpha,runge_path_max_length
8,ctx-lh-middletemporal,0.722314122557073,0.008309634449456732,0.0017575104061848053,1.2166004951446002e-05,0.5828078006396377,0.11969288320500011,5,74,11,1.7,1.7000000000000002,1.0,399.0,15.090759358562707,44.42899084001585,5.5017681966270535,0.15,1.0,0.1709391008716041,1.0,60.0
70,ctx-rh-superiorfrontal,0.7152790242173064,0.007408047941961524,0.0024861003798747686,1.5455100569743854e-05,0.48573838685632276,0.17105451211223546,10,58,3,1.7,1.7000000000000002,1.0,399.0,15.090759358562707,44.42899084001585,5.5017681966270535,0.15,1.0,0.1709391008716041,1.0,60.0
17,ctx-lh-supramarginal,0.7037877902886934,0.006858974500706267,0.0016839732556271463,9.63035522183303e-06,0.4504504956474516,0.11564529592434859,13,75,21,1.7,1.7000000000000002,1.0,399.0,15.090759358562707,44.42899084001585,5.5017681966270535,0.15,1.0,0.1709391008716041,1.0,60.0
58,ctx-rh-supramarginal,0.6996975570415072,0.008103045624846997,0.0021417677079841406,1.4431624983787042e-05,0.5592426204011374,0.1455523740269246,7,68,5,1.7,1.7000000000000002,1.0,399.0,15.090759358562707,44.42899084001585,5.5017681966270535,0.15,1.0,0.1709391008716041,1.0,60.0
49,ctx-rh-middletemporal,0.6976884691268982,0.005610769416620267,0.002180126243881524,1.0244223394924994e-05,0.38721634261504007,0.14937241191057166,20,67,18,1.7,1.7000000000000002,1.0,399.0,15.090759358562707,44.42899084001585,5.5017681966270535,0.15,1.0,0.1709391008716041,1.0,60.0
19,ctx-lh-isthmuscingulate,0.6922812301064287,0.0020291890728104767,0.004017386566950936,6.805486290910938e-06,0.1395673532606909,0.27459796516751245,47,25,40,1.7,1.7000000000000002,1.0,399.0,15.090759358562707,44.42899084001585,5.5017681966270535,0.15,1.0,0.1709391008716041,1.0,60.0
6,ctx-lh-fusiform,0.6897502931025383,0.007062686909018646,0.0018999674282654793,1.1190012077844609e-05,0.4834618814343476,0.13013316176681375,12,73,14,1.7,1.7000000000000002,1.0,399.0,15.090759358562707,44.42899084001585,5.5017681966270535,0.15,1.0,0.1709391008716041,1.0,60.0
56,ctx-rh-precuneus,0.6776930698980365,0.005582259287673325,0.0029969978804481622,1.3890688658462588e-05,0.37444834470993893,0.20421058054711955,21,47,8,1.7,1.7000000000000002,1.0,399.0,15.090759358562707,44.42899084001585,5.5017681966270535,0.15,1.0,0.1709391008716041,1.0,60.0
29,ctx-lh-superiorfrontal,0.6761719173520131,0.006198729525640121,0.002739549248469604,1.4078456134438329e-05,0.4317386858226761,0.18562993210304157,15,51,7,1.7,1.7000000000000002,1.0,399.0,15.090759358562707,44.42899084001585,5.5017681966270535,0.15,1.0,0.1709391008716041,1.0,60.0
53,ctx-rh-transversetemporal,0.6752252631056407,0.002333636164525473,0.004192046199619224,8.212982222086203e-06,0.16078507671303024,0.287367342875641,41,22,30,1.7,1.7000000000000002,1.0,399.0,15.090759358562707,44.42899084001585,5.5017681966270535,0.15,1.0,0.1709391008716041,1.0,60.0
33,ctx-lh-insula,0.6690813947831065,0.00843352677557636,0.0020572870546832836,1.4289581178537465e-05,0.5618747518071229,0.13935708840567212,4,70,6,1.7,1.7000000000000002,1.0,399.0,15.090759358562707,44.42899084001585,5.5017681966270535,0.15,1.0,0.1709391008716041,1.0,60.0
66,ctx-rh-parsopercularis,0.6651520779584804,0.002837867735984838,0.003550956380516664,8.269139752221158e-06,0.19968198100552353,0.23823099972916895,33,38,28,1.7,1.7000000000000002,1.0,399.0,15.090759358562707,44.42899084001585,5.5017681966270535,0.15,1.0,0.1709391008716041,1.0,60.0
10,ctx-lh-superiortemporal,0.6625603372621776,0.010408141335500885,0.0015100354049282433,1.2862386366512534e-05,0.7214122026876597,0.1010464075702587,1,80,9,1.7,1.7000000000000002,1.0,399.0,15.090759358562707,44.42899084001585,5.5017681966270535,0.15,1.0,0.1709391008716041,1.0,60.0
68,ctx-rh-precentral,0.6510569222683658,0.009567066367673729,0.002370316927346392,1.8696465631714818e-05,0.6365162314466394,0.16082486908245586,2,62,1,1.7,1.7000000000000002,1.0,399.0,15.090759358562707,44.42899084001585,5.5017681966270535,0.15,1.0,0.1709391008716041,1.0,60.0
74,ctx-rh-insula,0.6429723105269353,0.007885610284652317,0.0015293455346793476,9.843437919934042e-06,0.5454298753157971,0.10238273121910471,9,79,19,1.7,1.7000000000000002,1.0,399.0,15.090759358562707,44.42899084001585,5.5017681966270535,0.15,1.0,0.1709391008716041,1.0,60.0
7,ctx-lh-inferiortemporal,0.6405054004945382,0.005800754404110272,0.0024589932517283058,1.1953251853123716e-05,0.38885432365687816,0.16857395277312887,19,59,12,1.7,1.7000000000000002,1.0,399.0,15.090759358562707,44.42899084001585,5.5017681966270535,0.15,1.0,0.1709391008716041,1.0,60.0
55,ctx-rh-postcentral,0.6396432284873078,0.007992278081222718,0.002291167786070386,1.5050217618107692e-05,0.5166819493549117,0.15523686324688532,8,64,4,1.7,1.7000000000000002,1.0,399.0,15.090759358562707,44.42899084001585,5.5017681966270535,0.15,1.0,0.1709391008716041,1.0,60.0
54,ctx-rh-inferiorparietal,0.6348539917807422,0.005379730466913536,0.0024485611688692434,1.1061643502162926e-05,0.3584573459987523,0.16816929587303917,23,60,15,1.7,1.7000000000000002,1.0,399.0,15.090759358562707,44.42899084001585,5.5017681966270535,0.15,1.0,0.1709391008716041,1.0,60.0
47,ctx-rh-fusiform,0.6317999599557728,0.003862259533904745,0.0026223655941697496,8.485661431058922e-06,0.2713985902536446,0.1794253652741678,29,54,27,1.7,1.7000000000000002,1.0,399.0,15.090759358562707,44.42899084001585,5.5017681966270535,0.15,1.0,0.1709391008716041,1.0,60.0
51,ctx-rh-superiortemporal,0.6213034038700078,0.009519678980455729,0.001335342395385131,1.0578065221856235e-05,0.642242057606816,0.09071503915729005,3,83,17,1.7,1.7000000000000002,1.0,399.0,15.090759358562707,44.42899084001585,5.5017681966270535,0.15,1.0,0.1709391008716041,1.0,60.0
63,ctx-rh-paracentral,0.6188577759976955,0.0036697873546289355,0.0028931189111579014,8.877841766801831e-06,0.25832161093600703,0.19745567415858903,31,48,26,1.7,1.7000000000000002,1.0,399.0,15.090759358562707,44.42899084001585,5.5017681966270535,0.15,1.0,0.1709391008716041,1.0,60.0
26,ctx-lh-parstriangularis,0.617039094865683,0.004952506508624452,0.003649457619378016,1.5530134960719892e-05,0.34188502895239187,0.25621228446610544,24,36,2,1.7,1.7000000000000002,1.0,399.0,15.090759358562707,44.42899084001585,5.5017681966270535,0.15,1.0,0.1709391008716041,1.0,60.0
40,Left-Amygdala,0.6103733107757656,0.0027153211661807074,0.0033452539954753275,7.55427848684819e-06,0.18572588483645391,0.22882054484180592,35,41,34,1.7,1.7000000000000002,1.0,399.0,15.090759358562707,44.42899084001585,5.5017681966270535,0.15,1.0,0.1709391008716041,1.0,60.0
28,ctx-lh-rostralmiddlefrontal,0.6087711918589059,0.0059306330450576,0.001669747095385025,8.238595815865461e-06,0.40921954016758166,0.11372250010343644,16,76,29,1.7,1.7000000000000002,1.0,399.0,15.090759358562707,44.42899084001585,5.5017681966270535,0.15,1.0,0.1709391008716041,1.0,60.0
69,ctx-rh-rostralmiddlefrontal,0.6080971114961995,0.004143433481420777,0.0031777996470227473,1.0865934729317194e-05,0.2868462834402069,0.2149297551663977,26,44,16,1.7,1.7000000000000002,1.0,399.0,15.090759358562707,44.42899084001585,5.5017681966270535,0.15,1.0,0.1709391008716041,1.0,60.0
64,ctx-rh-caudalmiddlefrontal,0.6013208934857264,0.005551838596086642,0.002534327641454691,1.1392475616070654e-05,0.37931291917724674,0.16852091613201356,22,56,13,1.7,1.7000000000000002,1.0,399.0,15.090759358562707,44.42899084001585,5.5017681966270535,0.15,1.0,0.1709391008716041,1.0,60.0
0,ctx-lh-cuneus,0.5724019850259692,0.0006432046410714282,0.005379013782817957,2.916357338426248e-06,0.0425547702422565,0.37114726566021944,78,3,69,1.7,1.7000000000000002,1.0,399.0,15.090759358562707,44.42899084001585,5.5017681966270535,0.15,1.0,0.1709391008716041,1.0,60.0
4,ctx-lh-bankssts,0.5721558819713106,0.004094670992644943,0.0023534541437265884,8.032760010654156e-06,0.27734047662975503,0.1602397012503145,27,63,31,1.7,1.7000000000000002,1.0,399.0,15.090759358562707,44.42899084001585,5.5017681966270535,0.15,1.0,0.1709391008716041,1.0,60.0
14,ctx-lh-postcentral,0.5719500083882159,0.006796904909031048,0.0015793070430841821,8.902112683911729e-06,0.4458623881731331,0.10736540394524957,14,77,25,1.7,1.7000000000000002,1.0,399.0,15.090759358562707,44.42899084001585,5.5017681966270535,0.15,1.0,0.1709391008716041,1.0,60.0
25,ctx-lh-parsopercularis,0.5689596402604065,0.005811342000728799,0.0015689623443236103,7.5178191369191775e-06,0.3897783698420116,0.10581406102099777,18,78,35,1.7,1.7000000000000002,1.0,399.0,15.090759358562707,44.42899084001585,5.5017681966270535,0.15,1.0,0.1709391008716041,1.0,60.0
13,ctx-lh-inferiorparietal,0.5677286161367231,0.002547818359990558,0.002494643723483902,5.3733027855145786e-06,0.16808559709664153,0.1721497558290858,37,57,45,1.7,1.7000000000000002,1.0,399.0,15.090759358562707,44.42899084001585,5.5017681966270535,0.15,1.0,0.1709391008716041,1.0,60.0
27,ctx-lh-precentral,0.563922621297191,0.00819179159871814,0.0014027074628525905,9.396907690654804e-06,0.544659355725976,0.09465649213455733,6,82,22,1.7,1.7000000000000002,1.0,399.0,15.090759358562707,44.42899084001585,5.5017681966270535,0.15,1.0,0.1709391008716041,1.0,60.0
31,ctx-lh-medialorbitofrontal,0.5592213191611872,0.0021548650251939404,0.0038705322176145834,6.9261175712907525e-06,0.14100290123671164,0.2647696737585691,44,30,38,1.7,1.7000000000000002,1.0,399.0,15.090759358562707,44.42899084001585,5.5017681966270535,0.15,1.0,0.1709391008716041,1.0,60.0
78,Right-Hippocampus,0.5588341233149946,0.00432979220145416,0.0020835077415606376,7.4030328086556015e-06,0.29305165358291807,0.14025242637039473,25,69,36,1.7,1.7000000000000002,1.0,399.0,15.090759358562707,44.42899084001585,5.5017681966270535,0.15,1.0,0.1709391008716041,1.0,60.0
23,ctx-lh-caudalmiddlefrontal,0.5584718270210617,0.00590433653839312,0.002628760277306338,1.2841452538108626e-05,0.4059992335097322,0.178024351759747,17,53,10,1.7,1.7000000000000002,1.0,399.0,15.090759358562707,44.42899084001585,5.5017681966270535,0.15,1.0,0.1709391008716041,1.0,60.0
41,ctx-rh-cuneus,0.553735850778654,0.0006511500270472382,0.004846189122679921,2.6713951745104348e-06,0.04522590843340697,0.3349660713586227,77,9,75,1.7,1.7000000000000002,1.0,399.0,15.090759358562707,44.42899084001585,5.5017681966270535,0.15,1.0,0.1709391008716041,1.0,60.0
37,Left-Hippocampus,0.5478081285263884,0.007296466039735132,0.0015069880138223182,9.041681045578843e-06,0.5146489336532245,0.10128346824334142,11,81,24,1.7,1.7000000000000002,1.0,399.0,15.090759358562707,44.42899084001585,5.5017681966270535,0.15,1.0,0.1709391008716041,1.0,60.0
48,ctx-rh-inferiortemporal,0.5437098021735521,0.003944052988853828,0.002404199500467346,7.830505768161665e-06,0.265882847834614,0.16266871740224553,28,61,32,1.7,1.7000000000000002,1.0,399.0,15.090759358562707,44.42899084001585,5.5017681966270535,0.15,1.0,0.1709391008716041,1.0,60.0
45,ctx-rh-bankssts,0.5394594656133949,0.0010890456579376638,0.004434551182402443,4.008831381277577e-06,0.0763259576634572,0.30099931235147326,57,16,54,1.7,1.7000000000000002,1.0,399.0,15.090759358562707,44.42899084001585,5.5017681966270535,0.15,1.0,0.1709391008716041,1.0,60.0
60,ctx-rh-isthmuscingulate,0.5334936424404163,0.0010444128059716431,0.003583539525482128,3.0530093539482993e-06,0.07068416627188696,0.2396624087636628,59,37,67,1.7,1.7000000000000002,1.0,399.0,15.090759358562707,44.42899084001585,5.5017681966270535,0.15,1.0,0.1709391008716041,1.0,60.0
9,ctx-lh-parahippocampal,0.5285589631246579,0.0019832273920888216,0.004625681370929942,7.655048325658339e-06,0.1352871914684852,0.316419572563014,49,15,33,1.7,1.7000000000000002,1.0,399.0,15.090759358562707,44.42899084001585,5.5017681966270535,0.15,1.0,0.1709391008716041,1.0,60.0
20,ctx-lh-posteriorcingulate,0.5230757825984074,0.0023634439230993476,0.002749554803689733,5.461135577944566e-06,0.15928877952817763,0.18947936821656636,39,50,44,1.7,1.7000000000000002,1.0,399.0,15.090759358562707,44.42899084001585,5.5017681966270535,0.15,1.0,0.1709391008716041,1.0,60.0
15,ctx-lh-precuneus,0.5182891946477972,0.002105022644262609,0.002600206619864272,4.450384749143084e-06,0.14496825165826585,0.17297740557818836,46,55,50,1.7,1.7000000000000002,1.0,399.0,15.090759358562707,44.42899084001585,5.5017681966270535,0.15,1.0,0.1709391008716041,1.0,60.0
61,ctx-rh-posteriorcingulate,0.5179277327729193,0.0036020830048492246,0.003284575495842165,9.804724994800295e-06,0.251190382897254,0.22283673288473543,32,42,20,1.7,1.7000000000000002,1.0,399.0,15.090759358562707,44.42899084001585,5.5017681966270535,0.15,1.0,0.1709391008716041,1.0,60.0
30,ctx-lh-lateralorbitofrontal,0.5178407972845667,0.0024422328074959884,0.00192528917439399,3.8797161980113435e-06,0.1672081496969247,0.12998016340884458,38,72,56,1.7,1.7000000000000002,1.0,399.0,15.090759358562707,44.42899084001585,5.5017681966270535,0.15,1.0,0.1709391008716041,1.0,60.0
57,ctx-rh-superiorparietal,0.5135782339139717,0.0037090645909853923,0.0019489199613038498,5.968430050627385e-06,0.25061964459675234,0.1320945423126472,30,71,42,1.7,1.7000000000000002,1.0,399.0,15.090759358562707,44.42899084001585,5.5017681966270535,0.15,1.0,0.1709391008716041,1.0,60.0
50,ctx-rh-parahippocampal,0.5090164767112353,0.0015065268457273,0.003987598846769916,5.017409316366795e-06,0.10585428484939774,0.2728739672602575,54,26,47,1.7,1.7000000000000002,1.0,399.0,15.090759358562707,44.42899084001585,5.5017681966270535,0.15,1.0,0.1709391008716041,1.0,60.0
24,ctx-lh-frontalpole,0.5061479014028174,0.0006265444826326112,0.005560177206879684,2.8350433726461097e-06,0.04139557140415988,0.3715080391791856,81,1,71,1.7,1.7000000000000002,1.0,399.0,15.090759358562707,44.42899084001585,5.5017681966270535,0.15,1.0,0.1709391008716041,1.0,60.0
72,ctx-rh-medialorbitofrontal,0.5027005125352916,0.0010094890601120693,0.004630106555144611,3.758630173657593e-06,0.06914597760189908,0.3053123610108899,61,14,57,1.7,1.7000000000000002,1.0,399.0,15.090759358562707,44.42899084001585,5.5017681966270535,0.15,1.0,0.1709391008716041,1.0,60.0
16,ctx-lh-superiorparietal,0.498352588461195,0.0016808204592876478,0.0030165914738334034,4.281013832987289e-06,0.11710690538295233,0.2083429542155463,50,46,52,1.7,1.7000000000000002,1.0,399.0,15.090759358562707,44.42899084001585,5.5017681966270535,0.15,1.0,0.1709391008716041,1.0,60.0
42,ctx-rh-lateraloccipital,0.49751891607227544,0.0022489880301096096,0.0037503666804729863,6.952571836285251e-06,0.1515398423489483,0.2542961634089358,43,35,37,1.7,1.7000000000000002,1.0,399.0,15.090759358562707,44.42899084001585,5.5017681966270535,0.15,1.0,0.1709391008716041,1.0,60.0
21,ctx-lh-rostralanteriorcingulate,0.4949950632989808,0.002111375620414634,0.0022416671548573463,3.910657735942136e-06,0.13909924214200697,0.15132082242430306,45,65,55,1.7,1.7000000000000002,1.0,399.0,15.090759358562707,44.42899084001585,5.5017681966270535,0.15,1.0,0.1709391008716041,1.0,60.0
67,ctx-rh-parstriangularis,0.49471454151368377,0.0027288839015113934,0.0022251072909755722,5.0174900481511455e-06,0.177403591610364,0.1507159961975846,34,66,46,1.7,1.7000000000000002,1.0,399.0,15.090759358562707,44.42899084001585,5.5017681966270535,0.15,1.0,0.1709391008716041,1.0,60.0
39,Left-Accumbens-area,0.49021966780446063,0.0008610585268886344,0.004396307776016557,3.14146314386163e-06,0.060037253270512236,0.2987294890632033,65,17,65,1.7,1.7000000000000002,1.0,399.0,15.090759358562707,44.42899084001585,5.5017681966270535,0.15,1.0,0.1709391008716041,1.0,60.0
81,Right-Amygdala,0.4901632605048242,0.0006296934791727862,0.005154793797113562,2.6933148195947084e-06,0.04238747614438362,0.3496793365061051,80,4,73,1.7,1.7000000000000002,1.0,399.0,15.090759358562707,44.42899084001585,5.5017681966270535,0.15,1.0,0.1709391008716041,1.0,60.0
11,ctx-lh-temporalpole,0.4855742585147065,0.0012580236960281486,0.003987182047307297,4.1602456452605176e-06,0.08651430627878902,0.2709138648952055,55,27,53,1.7,1.7000000000000002,1.0,399.0,15.090759358562707,44.42899084001585,5.5017681966270535,0.15,1.0,0.1709391008716041,1.0,60.0
2,ctx-lh-lingual,0.4833981467911693,0.0015577885165826602,0.002801602703405377,3.548201491718925e-06,0.10757825282126822,0.18640866082318988,52,49,59,1.7,1.7000000000000002,1.0,399.0,15.090759358562707,44.42899084001585,5.5017681966270535,0.15,1.0,0.1709391008716041,1.0,60.0
62,ctx-rh-rostralanteriorcingulate,0.4783966599806431,0.0007302287214586488,0.0050230782367995976,3.0259512060698427e-06,0.04853644977785703,0.3403278872946617,75,5,68,1.7,1.7000000000000002,1.0,399.0,15.090759358562707,44.42899084001585,5.5017681966270535,0.15,1.0,0.1709391008716041,1.0,60.0
32,ctx-lh-parsorbitalis,0.47828429323159116,0.00108300277312386,0.005010900697555071,4.488803169273603e-06,0.07467060825722886,0.33908429553259256,58,7,49,1.7,1.7000000000000002,1.0,399.0,15.090759358562707,44.42899084001585,5.5017681966270535,0.15,1.0,0.1709391008716041,1.0,60.0
43,ctx-rh-lingual,0.4760315740195649,0.0023500619511287045,0.00470721414608094,9.312272430699807e-06,0.15684477073041794,0.3255162176733099,40,12,23,1.7,1.7000000000000002,1.0,399.0,15.090759358562707,44.42899084001585,5.5017681966270535,0.15,1.0,0.1709391008716041,1.0,60.0
71,ctx-rh-lateralorbitofrontal,0.47544221292820554,0.002635721055092075,0.002671363881693026,5.716472951995013e-06,0.17787092643050506,0.17794298996421762,36,52,43,1.7,1.7000000000000002,1.0,399.0,15.090759358562707,44.42899084001585,5.5017681966270535,0.15,1.0,0.1709391008716041,1.0,60.0
22,ctx-lh-paracentral,0.4673640199634991,0.002301554896793067,0.0031036850122647328,6.0078040884273805e-06,0.1565769168598071,0.2131582930733747,42,45,41,1.7,1.7000000000000002,1.0,399.0,15.090759358562707,44.42899084001585,5.5017681966270535,0.15,1.0,0.1709391008716041,1.0,60.0
12,ctx-lh-transversetemporal,0.452318504967264,0.002011110757264708,0.004106079916432046,6.866885470655517e-06,0.13602596789997248,0.2790210842659405,48,24,39,1.7,1.7000000000000002,1.0,399.0,15.090759358562707,44.42899084001585,5.5017681966270535,0.15,1.0,0.1709391008716041,1.0,60.0
79,Right-Caudate,0.45101817612955186,0.0004942631982052273,0.004868783105511613,1.9895413918393106e-06,0.03442288275058846,0.32949689279798766,83,8,83,1.7,1.7000000000000002,1.0,399.0,15.090759358562707,44.42899084001585,5.5017681966270535,0.15,1.0,0.1709391008716041,1.0,60.0
3,ctx-lh-pericalcarine,0.45048422697887386,0.0009527179724224692,0.004696265848546433,3.6920985259214997e-06,0.063823553788942,0.3173762474886197,62,13,58,1.7,1.7000000000000002,1.0,399.0,15.090759358562707,44.42899084001585,5.5017681966270535,0.15,1.0,0.1709391008716041,1.0,60.0
34,Left-Thalamus-Proper,0.44583315912810517,0.001014294747423711,0.00398002720505726,3.3894500043010976e-06,0.07132623185206856,0.2731566000712561,60,29,62,1.7,1.7000000000000002,1.0,399.0,15.090759358562707,44.42899084001585,5.5017681966270535,0.15,1.0,0.1709391008716041,1.0,60.0
46,ctx-rh-entorhinal,0.44372406792076996,0.0009143981133836906,0.004355431425822762,3.302832492784709e-06,0.06197960335943701,0.2959395299108769,64,18,63,1.7,1.7000000000000002,1.0,399.0,15.090759358562707,44.42899084001585,5.5017681966270535,0.15,1.0,0.1709391008716041,1.0,60.0
38,Left-Caudate,0.4347300607335184,0.0009418365851162699,0.004182924363679988,3.2444455054443683e-06,0.06577519307969866,0.2819715839718408,63,23,64,1.7,1.7000000000000002,1.0,399.0,15.090759358562707,44.42899084001585,5.5017681966270535,0.15,1.0,0.1709391008716041,1.0,60.0
80,Right-Accumbens-area,0.4335881898140618,0.0006644330678459595,0.004770560674759689,2.596975900541635e-06,0.042118970079749914,0.3223217801508604,76,10,76,1.7,1.7000000000000002,1.0,399.0,15.090759358562707,44.42899084001585,5.5017681966270535,0.15,1.0,0.1709391008716041,1.0,60.0
76,Right-Pallidum,0.42765579202765897,0.0007666442722119433,0.004305482437893029,2.7638110495838097e-06,0.051563219169182106,0.29544360092374033,73,20,72,1.7,1.7000000000000002,1.0,399.0,15.090759358562707,44.42899084001585,5.5017681966270535,0.15,1.0,0.1709391008716041,1.0,60.0
52,ctx-rh-temporalpole,0.4256479027818014,0.0006299168059907716,0.004300682695702508,2.2595879248145253e-06,0.044145558899114215,0.2929523316813495,79,21,81,1.7,1.7000000000000002,1.0,399.0,15.090759358562707,44.42899084001585,5.5017681966270535,0.15,1.0,0.1709391008716041,1.0,60.0
5,ctx-lh-entorhinal,0.41893304582284396,0.0015644308677901775,0.003794053566496051,4.904158145564772e-06,0.10262532513289976,0.25814267855363376,51,33,48,1.7,1.7000000000000002,1.0,399.0,15.090759358562707,44.42899084001585,5.5017681966270535,0.15,1.0,0.1709391008716041,1.0,60.0
44,ctx-rh-pericalcarine,0.41428264721834446,0.0008427884125477904,0.0032070752459238583,2.2239232763451555e-06,0.05666258385334007,0.21596135264649235,68,43,82,1.7,1.7000000000000002,1.0,399.0,15.090759358562707,44.42899084001585,5.5017681966270535,0.15,1.0,0.1709391008716041,1.0,60.0
59,ctx-rh-caudalanteriorcingulate,0.41248999146640897,0.0015229000737115679,0.0034886525362524453,4.430721919955225e-06,0.10211403917288969,0.23873701352685556,53,40,51,1.7,1.7000000000000002,1.0,399.0,15.090759358562707,44.42899084001585,5.5017681966270535,0.15,1.0,0.1709391008716041,1.0,60.0
82,Brain-Stem,0.4097249036864625,0.0007836883917565946,0.00475564137176886,3.074641872867085e-06,0.05531859027972676,0.3207183764365682,71,11,66,1.7,1.7000000000000002,1.0,399.0,15.090759358562707,44.42899084001585,5.5017681966270535,0.15,1.0,0.1709391008716041,1.0,60.0
75,Right-Thalamus-Proper,0.4021961784035966,0.000847525298491704,0.005016135735872273,3.4996072405564434e-06,0.05694316088357122,0.33777535881974424,66,6,60,1.7,1.7000000000000002,1.0,399.0,15.090759358562707,44.42899084001585,5.5017681966270535,0.15,1.0,0.1709391008716041,1.0,60.0
77,Right-Putamen,0.39454151606720583,0.0008466302842570497,0.0038272148505327456,2.6913113086592452e-06,0.05715727188699948,0.2601296262139397,67,32,74,1.7,1.7000000000000002,1.0,399.0,15.090759358562707,44.42899084001585,5.5017681966270535,0.15,1.0,0.1709391008716041,1.0,60.0
18,ctx-lh-caudalanteriorcingulate,0.39013607872400297,0.0011110848203890323,0.003793485943366189,3.4470413683973194e-06,0.07606924560882705,0.25486689903271875,56,34,61,1.7,1.7000000000000002,1.0,399.0,15.090759358562707,44.42899084001585,5.5017681966270535,0.15,1.0,0.1709391008716041,1.0,60.0
1,ctx-lh-lateraloccipital,0.38926474520392207,0.0005055866462574123,0.0055287178795777984,2.3159128404932465e-06,0.03571224470264,0.37513643641560757,82,2,80,1.7,1.7000000000000002,1.0,399.0,15.090759358562707,44.42899084001585,5.5017681966270535,0.15,1.0,0.1709391008716041,1.0,60.0
65,ctx-rh-frontalpole,0.3843534400744446,0.0008289465798600222,0.0035437582274148436,2.4628431294222303e-06,0.057082595332859455,0.2427465504510045,69,39,78,1.7,1.7000000000000002,1.0,399.0,15.090759358562707,44.42899084001585,5.5017681966270535,0.15,1.0,0.1709391008716041,1.0,60.0
35,Left-Pallidum,0.34545321363840703,0.0007619794488243947,0.00398103052940737,2.4652011787603895e-06,0.053152050159853845,0.265823599444101,74,28,77,1.7,1.7000000000000002,1.0,399.0,15.090759358562707,44.42899084001585,5.5017681966270535,0.15,1.0,0.1709391008716041,1.0,60.0
36,Left-Putamen,0.34391968137600326,0.0008027266549476932,0.004341338476804905,2.8989882481816736e-06,0.05422137094891035,0.2966379014278526,70,19,70,1.7,1.7000000000000002,1.0,399.0,15.090759358562707,44.42899084001585,5.5017681966270535,0.15,1.0,0.1709391008716041,1.0,60.0
73,ctx-rh-parsorbitalis,0.3259744650031293,0.0007771274241892053,0.00383595682256125,2.4490500989390127e-06,0.05390965666981132,0.25853979150231304,72,31,79,1.7,1.7000000000000002,1.0,399.0,15.090759358562707,44.42899084001585,5.5017681966270535,0.15,1.0,0.1709391008716041,1.0,60.0
49,ctx-rh-middletemporal,0.6447411406713434,0.007268050414385559,0.002865261067453828,1.7367359348284813e-05,0.4807917257886034,0.1958632477403149,3,43,1,1.8,1.8,1.0,399.0,16.15400908648118,40.830203124464674,6.688387598554197,0.15,1.0,0.17261835069698173,1.0,60.0
53,ctx-rh-transversetemporal,0.6325722028915697,0.002944322890214914,0.002928079111620219,7.159923610436301e-06,0.19949053997533475,0.19905870874846576,37,42,32,1.8,1.8,1.0,399.0,16.15400908648118,40.830203124464674,6.688387598554197,0.15,1.0,0.17261835069698173,1.0,60.0
62,ctx-rh-rostralanteriorcingulate,0.6178377474107423,0.0018314996883379406,0.004256185144641694,6.481550842605768e-06,0.12312460316104376,0.29064423141416745,48,15,37,1.8,1.8,1.0,399.0,16.15400908648118,40.830203124464674,6.688387598554197,0.15,1.0,0.17261835069698173,1.0,60.0
9,ctx-lh-parahippocampal,0.6172485658060896,0.002301025160402468,0.003594761906640212,6.929485619359086e-06,0.15700666460903784,0.24742528052302684,42,34,34,1.8,1.8,1.0,399.0,16.15400908648118,40.830203124464674,6.688387598554197,0.15,1.0,0.17261835069698173,1.0,60.0
8,ctx-lh-middletemporal,0.6107485801543118,0.0063665900552593475,0.002567964797941505,1.3661166458815067e-05,0.4292485614043948,0.17579794165660598,8,54,3,1.8,1.8,1.0,399.0,16.15400908648118,40.830203124464674,6.688387598554197,0.15,1.0,0.17261835069698173,1.0,60.0
13,ctx-lh-inferiorparietal,0.6106083852051174,0.002423504177254974,0.003462392096215718,7.062043240066404e-06,0.16580628681553491,0.23891844735755102,41,35,33,1.8,1.8,1.0,399.0,16.15400908648118,40.830203124464674,6.688387598554197,0.15,1.0,0.17261835069698173,1.0,60.0
51,ctx-rh-superiortemporal,0.6073079584982247,0.006476694396469468,0.0023717565108354543,1.2606221761470523e-05,0.41652882805405894,0.15998578220286297,6,60,5,1.8,1.8,1.0,399.0,16.15400908648118,40.830203124464674,6.688387598554197,0.15,1.0,0.17261835069698173,1.0,60.0
72,ctx-rh-medialorbitofrontal,0.6047908567265623,0.0013577494684862182,0.004979263567239984,5.607958516691433e-06,0.08947479380066238,0.34019144284284075,59,2,43,1.8,1.8,1.0,399.0,16.15400908648118,40.830203124464674,6.688387598554197,0.15,1.0,0.17261835069698173,1.0,60.0
17,ctx-lh-supramarginal,0.6023679919755907,0.004472176985489654,0.0019887754703006616,7.366016755413016e-06,0.30048086786314626,0.13513923230319155,28,68,30,1.8,1.8,1.0,399.0,16.15400908648118,40.830203124464674,6.688387598554197,0.15,1.0,0.17261835069698173,1.0,60.0
26,ctx-lh-parstriangularis,0.6020376050332038,0.004626839026869939,0.0021682689596908547,8.189323595043689e-06,0.3233544243896876,0.1450771693624076,26,64,24,1.8,1.8,1.0,399.0,16.15400908648118,40.830203124464674,6.688387598554197,0.15,1.0,0.17261835069698173,1.0,60.0
6,ctx-lh-fusiform,0.5977171372957193,0.0053753821265481744,0.0024489553368910117,1.1041777257037662e-05,0.35673597515181427,0.167748803393176,16,58,8,1.8,1.8,1.0,399.0,16.15400908648118,40.830203124464674,6.688387598554197,0.15,1.0,0.17261835069698173,1.0,60.0
48,ctx-rh-inferiortemporal,0.5877479597458327,0.003098581590724834,0.002802871138146684,7.183655612397292e-06,0.20750113829775815,0.1898807636891401,35,46,31,1.8,1.8,1.0,399.0,16.15400908648118,40.830203124464674,6.688387598554197,0.15,1.0,0.17261835069698173,1.0,60.0
63,ctx-rh-paracentral,0.5784583139777166,0.0052614914131693885,0.002931925219875846,1.2827262203620252e-05,0.3563750890187341,0.19902196554714077,19,41,4,1.8,1.8,1.0,399.0,16.15400908648118,40.830203124464674,6.688387598554197,0.15,1.0,0.17261835069698173,1.0,60.0
3,ctx-lh-pericalcarine,0.5693158673959027,0.0014735554585680556,0.0037879117015626163,4.6258325245616875e-06,0.09799611926330816,0.25835789247783236,56,28,56,1.8,1.8,1.0,399.0,16.15400908648118,40.830203124464674,6.688387598554197,0.15,1.0,0.17261835069698173,1.0,60.0
12,ctx-lh-transversetemporal,0.5641893669549424,0.004720952122329863,0.0026536252817761694,1.0543835640509137e-05,0.3272412272762129,0.18254667250172202,25,52,10,1.8,1.8,1.0,399.0,16.15400908648118,40.830203124464674,6.688387598554197,0.15,1.0,0.17261835069698173,1.0,60.0
2,ctx-lh-lingual,0.5624487512438572,0.0020687568270238415,0.004531055134811815,7.78735520048883e-06,0.1368877982028094,0.3097862277875993,46,9,26,1.8,1.8,1.0,399.0,16.15400908648118,40.830203124464674,6.688387598554197,0.15,1.0,0.17261835069698173,1.0,60.0
25,ctx-lh-parsopercularis,0.5605484891815397,0.004833240125179042,0.0019718971073950067,7.848989416575371e-06,0.3418969180400324,0.13310106483268283,23,69,25,1.8,1.8,1.0,399.0,16.15400908648118,40.830203124464674,6.688387598554197,0.15,1.0,0.17261835069698173,1.0,60.0
23,ctx-lh-caudalmiddlefrontal,0.5603958537219202,0.005482800754147737,0.0024692531501924043,1.1202755746525894e-05,0.377970626601026,0.16734412197663442,15,56,7,1.8,1.8,1.0,399.0,16.15400908648118,40.830203124464674,6.688387598554197,0.15,1.0,0.17261835069698173,1.0,60.0
4,ctx-lh-bankssts,0.550715533875409,0.002472594464191926,0.003602805342981264,7.369405217842913e-06,0.1631785327011727,0.24455419344633073,40,33,29,1.8,1.8,1.0,399.0,16.15400908648118,40.830203124464674,6.688387598554197,0.15,1.0,0.17261835069698173,1.0,60.0
67,ctx-rh-parstriangularis,0.5502031506842093,0.004392771914310517,0.0026711014812713023,9.748701021708084e-06,0.29998610601295905,0.1818180291881143,29,49,15,1.8,1.8,1.0,399.0,16.15400908648118,40.830203124464674,6.688387598554197,0.15,1.0,0.17261835069698173,1.0,60.0
68,ctx-rh-precentral,0.5487231479774338,0.006699181845227423,0.001356780735304931,7.4801456264143625e-06,0.43711393260942266,0.09152844766101584,5,80,28,1.8,1.8,1.0,399.0,16.15400908648118,40.830203124464674,6.688387598554197,0.15,1.0,0.17261835069698173,1.0,60.0
10,ctx-lh-superiortemporal,0.5484962755550697,0.006111680023828576,0.0019489107497245933,9.775167899019376e-06,0.40854625592297394,0.13119746019023834,11,70,14,1.8,1.8,1.0,399.0,16.15400908648118,40.830203124464674,6.688387598554197,0.15,1.0,0.17261835069698173,1.0,60.0
61,ctx-rh-posteriorcingulate,0.5475976157713558,0.0015067430533862287,0.0044142309741462965,5.53829179717921e-06,0.10065984551039554,0.3005559012033411,55,12,44,1.8,1.8,1.0,399.0,16.15400908648118,40.830203124464674,6.688387598554197,0.15,1.0,0.17261835069698173,1.0,60.0
54,ctx-rh-inferiorparietal,0.5457663608260521,0.004783125903675887,0.002260547453649672,9.016046937536741e-06,0.33224010215570143,0.15411646828954792,24,62,20,1.8,1.8,1.0,399.0,16.15400908648118,40.830203124464674,6.688387598554197,0.15,1.0,0.17261835069698173,1.0,60.0
37,Left-Hippocampus,0.536576010966848,0.005226120647503739,0.0023960622901477557,1.0211388624774626e-05,0.35953197475942733,0.16020845281630278,20,59,12,1.8,1.8,1.0,399.0,16.15400908648118,40.830203124464674,6.688387598554197,0.15,1.0,0.17261835069698173,1.0,60.0
59,ctx-rh-caudalanteriorcingulate,0.5331331717205837,0.0038452247816656393,0.0029466713858686488,9.390274936015767e-06,0.26451184810840433,0.19999726995352066,31,39,16,1.8,1.8,1.0,399.0,16.15400908648118,40.830203124464674,6.688387598554197,0.15,1.0,0.17261835069698173,1.0,60.0
55,ctx-rh-postcentral,0.5313061958395001,0.005694895535122864,0.0019406585254947355,9.107101909866189e-06,0.38332794841605683,0.1312240253700008,13,71,18,1.8,1.8,1.0,399.0,16.15400908648118,40.830203124464674,6.688387598554197,0.15,1.0,0.17261835069698173,1.0,60.0
74,ctx-rh-insula,0.5259188013081391,0.006018666413993674,0.0022194080989897287,1.0975653289250417e-05,0.41599517860053176,0.1492608665890045,12,63,9,1.8,1.8,1.0,399.0,16.15400908648118,40.830203124464674,6.688387598554197,0.15,1.0,0.17261835069698173,1.0,60.0
57,ctx-rh-superiorparietal,0.52333654896989,0.004382123088676132,0.0021039821605699873,7.61487104959622e-06,0.3056136941872634,0.14230941525058416,30,65,27,1.8,1.8,1.0,399.0,16.15400908648118,40.830203124464674,6.688387598554197,0.15,1.0,0.17261835069698173,1.0,60.0
33,ctx-lh-insula,0.5207308658968492,0.007464311123624375,0.0016218177276124321,9.892690369428059e-06,0.5213334289165733,0.10858623204924686,2,79,13,1.8,1.8,1.0,399.0,16.15400908648118,40.830203124464674,6.688387598554197,0.15,1.0,0.17261835069698173,1.0,60.0
30,ctx-lh-lateralorbitofrontal,0.5193732019005329,0.005487766933794563,0.0017811175959297197,8.200057456549846e-06,0.3820082138378965,0.12229111120055564,14,74,23,1.8,1.8,1.0,399.0,16.15400908648118,40.830203124464674,6.688387598554197,0.15,1.0,0.17261835069698173,1.0,60.0
40,Left-Amygdala,0.5180304219954139,0.006400642054095822,0.0017099507292501369,9.018439200103897e-06,0.43550641181796573,0.11544525221463756,7,76,19,1.8,1.8,1.0,399.0,16.15400908648118,40.830203124464674,6.688387598554197,0.15,1.0,0.17261835069698173,1.0,60.0
11,ctx-lh-temporalpole,0.5171480596514326,0.003611857297176195,0.002082086669944708,6.1814151090916425e-06,0.24254973912722524,0.1405518790810775,33,67,39,1.8,1.8,1.0,399.0,16.15400908648118,40.830203124464674,6.688387598554197,0.15,1.0,0.17261835069698173,1.0,60.0
64,ctx-rh-caudalmiddlefrontal,0.5136401053753937,0.006171434962450704,0.0016999034795312225,8.56482851526339e-06,0.4389206916427848,0.11355989045230977,10,77,21,1.8,1.8,1.0,399.0,16.15400908648118,40.830203124464674,6.688387598554197,0.15,1.0,0.17261835069698173,1.0,60.0
66,ctx-rh-parsopercularis,0.511597888435685,0.00251565873135691,0.0028253586467238776,5.9568816245186306e-06,0.16924694092630518,0.19381242344398544,39,45,41,1.8,1.8,1.0,399.0,16.15400908648118,40.830203124464674,6.688387598554197,0.15,1.0,0.17261835069698173,1.0,60.0
27,ctx-lh-precentral,0.5103320343898095,0.006942051252247507,0.0018128756728074337,1.0452120790495244e-05,0.47358879438959905,0.12346786567452782,4,73,11,1.8,1.8,1.0,399.0,16.15400908648118,40.830203124464674,6.688387598554197,0.15,1.0,0.17261835069698173,1.0,60.0
44,ctx-rh-pericalcarine,0.5063286360109411,0.0019197664719753835,0.004278454467437438,6.83727974978083e-06,0.12912577040080378,0.29255727373833434,47,14,36,1.8,1.8,1.0,399.0,16.15400908648118,40.830203124464674,6.688387598554197,0.15,1.0,0.17261835069698173,1.0,60.0
41,ctx-rh-cuneus,0.503505553685959,0.0014004391952963842,0.0029456928081673175,3.456474464845707e-06,0.09242664008786594,0.202379396618751,58,40,68,1.8,1.8,1.0,399.0,16.15400908648118,40.830203124464674,6.688387598554197,0.15,1.0,0.17261835069698173,1.0,60.0
73,ctx-rh-parsorbitalis,0.49785266397908184,0.0014675549989512865,0.004080691750913011,5.01487908259722e-06,0.09716276580632238,0.27974504250999843,57,22,47,1.8,1.8,1.0,399.0,16.15400908648118,40.830203124464674,6.688387598554197,0.15,1.0,0.17261835069698173,1.0,60.0
5,ctx-lh-entorhinal,0.4919449693518203,0.0021763941461332317,0.0025956090571607033,4.689652259239581e-06,0.14480432996067882,0.17702679781135677,44,53,54,1.8,1.8,1.0,399.0,16.15400908648118,40.830203124464674,6.688387598554197,0.15,1.0,0.17261835069698173,1.0,60.0
47,ctx-rh-fusiform,0.4902600448171269,0.003768930677505366,0.0027635554643195533,8.4205152071661e-06,0.24999287654239338,0.18331698147579067,32,48,22,1.8,1.8,1.0,399.0,16.15400908648118,40.830203124464674,6.688387598554197,0.15,1.0,0.17261835069698173,1.0,60.0
24,ctx-lh-frontalpole,0.48889516338886374,0.0012029156958426894,0.005115395989735895,5.010686865749109e-06,0.08170670050409165,0.34222225537794504,66,1,48,1.8,1.8,1.0,399.0,16.15400908648118,40.830203124464674,6.688387598554197,0.15,1.0,0.17261835069698173,1.0,60.0
42,ctx-rh-lateraloccipital,0.4862698064411515,0.0015564546081954366,0.004172012485981703,5.4234547375681265e-06,0.10467749283929721,0.2863852358204253,54,19,46,1.8,1.8,1.0,399.0,16.15400908648118,40.830203124464674,6.688387598554197,0.15,1.0,0.17261835069698173,1.0,60.0
29,ctx-lh-superiorfrontal,0.48222547703848817,0.005322229161317309,0.0020901783264645275,9.169025950685958e-06,0.3574159208824212,0.14110579611225746,18,66,17,1.8,1.8,1.0,399.0,16.15400908648118,40.830203124464674,6.688387598554197,0.15,1.0,0.17261835069698173,1.0,60.0
46,ctx-rh-entorhinal,0.47771366955500777,0.0013145056587871625,0.003978776680203603,4.422593507495001e-06,0.0882068499180303,0.27550153926736476,62,24,59,1.8,1.8,1.0,399.0,16.15400908648118,40.830203124464674,6.688387598554197,0.15,1.0,0.17261835069698173,1.0,60.0
31,ctx-lh-medialorbitofrontal,0.46615139705690906,0.0017989699671384742,0.0038126614447180243,5.651857513025142e-06,0.12110790859582735,0.2588839887439469,49,27,42,1.8,1.8,1.0,399.0,16.15400908648118,40.830203124464674,6.688387598554197,0.15,1.0,0.17261835069698173,1.0,60.0
58,ctx-rh-supramarginal,0.4641319411804036,0.007800730876617271,0.0023161653294849747,1.4936232686272105e-05,0.5357178821119505,0.15660011417534536,1,61,2,1.8,1.8,1.0,399.0,16.15400908648118,40.830203124464674,6.688387598554197,0.15,1.0,0.17261835069698173,1.0,60.0
28,ctx-lh-rostralmiddlefrontal,0.46009816676514537,0.005108106986110835,0.0011833388600535446,4.946724071999702e-06,0.34885456863948283,0.07970364558401308,21,83,49,1.8,1.8,1.0,399.0,16.15400908648118,40.830203124464674,6.688387598554197,0.15,1.0,0.17261835069698173,1.0,60.0
32,ctx-lh-parsorbitalis,0.4593259487203701,0.0012447375700563108,0.0040931471767349775,4.223826285337013e-06,0.08306544544837245,0.27887734655034685,63,21,62,1.8,1.8,1.0,399.0,16.15400908648118,40.830203124464674,6.688387598554197,0.15,1.0,0.17261835069698173,1.0,60.0
78,Right-Hippocampus,0.4565925015945861,0.004892030335761748,0.0017447378779992687,6.846461713895955e-06,0.3359792187638497,0.11461249800465081,22,75,35,1.8,1.8,1.0,399.0,16.15400908648118,40.830203124464674,6.688387598554197,0.15,1.0,0.17261835069698173,1.0,60.0
21,ctx-lh-rostralanteriorcingulate,0.452188815693712,0.0007705916178763456,0.004775129494112618,3.048730511640816e-06,0.05236059906120971,0.3263705482745792,76,4,73,1.8,1.8,1.0,399.0,16.15400908648118,40.830203124464674,6.688387598554197,0.15,1.0,0.17261835069698173,1.0,60.0
71,ctx-rh-lateralorbitofrontal,0.4511360151500917,0.0027387974862943232,0.0026648643555872357,6.111196484039551e-06,0.18570279735360357,0.18275853245377058,38,50,40,1.8,1.8,1.0,399.0,16.15400908648118,40.830203124464674,6.688387598554197,0.15,1.0,0.17261835069698173,1.0,60.0
16,ctx-lh-superiorparietal,0.4511242882440236,0.001701909087470437,0.003888745168403714,5.49920861849567e-06,0.12004306101919668,0.2646966452164855,51,25,45,1.8,1.8,1.0,399.0,16.15400908648118,40.830203124464674,6.688387598554197,0.15,1.0,0.17261835069698173,1.0,60.0
60,ctx-rh-isthmuscingulate,0.44841270826192425,0.002099611622742038,0.0024617498287098625,4.23630092657965e-06,0.1400751060276206,0.16597944431209177,45,57,61,1.8,1.8,1.0,399.0,16.15400908648118,40.830203124464674,6.688387598554197,0.15,1.0,0.17261835069698173,1.0,60.0
18,ctx-lh-caudalanteriorcingulate,0.44595790323201345,0.0022444786426396666,0.0025327895539375964,4.728866931348167e-06,0.15428901203466328,0.17271181532702468,43,55,51,1.8,1.8,1.0,399.0,16.15400908648118,40.830203124464674,6.688387598554197,0.15,1.0,0.17261835069698173,1.0,60.0
14,ctx-lh-postcentral,0.445116974203562,0.005323438839496679,0.0026637925813463802,1.1716258077166824e-05,0.36621234017951215,0.18006566111757122,17,51,6,1.8,1.8,1.0,399.0,16.15400908648118,40.830203124464674,6.688387598554197,0.15,1.0,0.17261835069698173,1.0,60.0
76,Right-Pallidum,0.44421461755335406,0.0010200267407858268,0.004521096708759625,3.893360135850411e-06,0.06790911008688831,0.31376973727746627,69,10,64,1.8,1.8,1.0,399.0,16.15400908648118,40.830203124464674,6.688387598554197,0.15,1.0,0.17261835069698173,1.0,60.0
7,ctx-lh-inferiortemporal,0.44156582991139703,0.006211684726086556,0.0012389726137866132,6.335377023647584e-06,0.43357567354845106,0.08340358341432624,9,82,38,1.8,1.8,1.0,399.0,16.15400908648118,40.830203124464674,6.688387598554197,0.15,1.0,0.17261835069698173,1.0,60.0
45,ctx-rh-bankssts,0.43715768494676294,0.000804680751082962,0.0046985220519479955,3.2123891695626327e-06,0.05403749300599638,0.3273258128864452,74,6,70,1.8,1.8,1.0,399.0,16.15400908648118,40.830203124464674,6.688387598554197,0.15,1.0,0.17261835069698173,1.0,60.0
0,ctx-lh-cuneus,0.4340696224358298,0.0007748489087976839,0.00444810309663117,2.8803147190348773e-06,0.05244196241026376,0.30502442878515096,75,11,74,1.8,1.8,1.0,399.0,16.15400908648118,40.830203124464674,6.688387598554197,0.15,1.0,0.17261835069698173,1.0,60.0
38,Left-Caudate,0.43380370555165465,0.001350381488157258,0.004171010724616082,4.638693464973088e-06,0.09304429865868064,0.28286534596183327,60,20,55,1.8,1.8,1.0,399.0,16.15400908648118,40.830203124464674,6.688387598554197,0.15,1.0,0.17261835069698173,1.0,60.0
65,ctx-rh-frontalpole,0.4329478911455363,0.0006129670936501138,0.004873824680466931,2.485372518638569e-06,0.04232154378497008,0.33200313008423626,82,3,80,1.8,1.8,1.0,399.0,16.15400908648118,40.830203124464674,6.688387598554197,0.15,1.0,0.17261835069698173,1.0,60.0
50,ctx-rh-parahippocampal,0.4307662974234882,0.0006625963037479605,0.004199554220710184,2.2651281665952833e-06,0.045360415707630074,0.28062018535111016,81,18,81,1.8,1.8,1.0,399.0,16.15400908648118,40.830203124464674,6.688387598554197,0.15,1.0,0.17261835069698173,1.0,60.0
79,Right-Caudate,0.42744583262200414,0.0007215513128096866,0.004638578195233959,2.821021904455098e-06,0.04896448161750938,0.32078961653717425,79,7,75,1.8,1.8,1.0,399.0,16.15400908648118,40.830203124464674,6.688387598554197,0.15,1.0,0.17261835069698173,1.0,60.0
82,Brain-Stem,0.42495871854315154,0.0005750738227359084,0.0047078211898199974,2.2067556699675075e-06,0.03958935232790785,0.3146353991888373,83,5,82,1.8,1.8,1.0,399.0,16.15400908648118,40.830203124464674,6.688387598554197,0.15,1.0,0.17261835069698173,1.0,60.0
70,ctx-rh-superiorfrontal,0.42419439401581216,0.004528864784096843,0.001259349860845898,4.704668750403237e-06,0.3102833922555464,0.08510178991159255,27,81,53,1.8,1.8,1.0,399.0,16.15400908648118,40.830203124464674,6.688387598554197,0.15,1.0,0.17261835069698173,1.0,60.0
35,Left-Pallidum,0.42358391780649873,0.0008942226962911828,0.004535172747959805,3.34599151978355e-06,0.061224544093718074,0.3066052892017035,73,8,69,1.8,1.8,1.0,399.0,16.15400908648118,40.830203124464674,6.688387598554197,0.15,1.0,0.17261835069698173,1.0,60.0
56,ctx-rh-precuneus,0.42275963795313687,0.003158995827299835,0.0016838364171049517,4.300532410052122e-06,0.21129329706077718,0.111830485360791,34,78,60,1.8,1.8,1.0,399.0,16.15400908648118,40.830203124464674,6.688387598554197,0.15,1.0,0.17261835069698173,1.0,60.0
77,Right-Putamen,0.42194870539372503,0.0009875396398337406,0.004219105104872036,3.4828782314595442e-06,0.06642440808305472,0.28940220608941375,71,17,66,1.8,1.8,1.0,399.0,16.15400908648118,40.830203124464674,6.688387598554197,0.15,1.0,0.17261835069698173,1.0,60.0
80,Right-Accumbens-area,0.421028922681887,0.0010042106210673572,0.003737428393634438,3.132260029323847e-06,0.06573126190236919,0.2558413559995719,70,31,72,1.8,1.8,1.0,399.0,16.15400908648118,40.830203124464674,6.688387598554197,0.15,1.0,0.17261835069698173,1.0,60.0
43,ctx-rh-lingual,0.41961994598304453,0.0017065954851921189,0.002832341881423701,4.002997200453922e-06,0.12021927202043414,0.1919003369051923,50,44,63,1.8,1.8,1.0,399.0,16.15400908648118,40.830203124464674,6.688387598554197,0.15,1.0,0.17261835069698173,1.0,60.0
36,Left-Putamen,0.41815983985127564,0.0007268974066105291,0.004414182149149204,2.6319962869164094e-06,0.049969059289102245,0.29766312745047446,78,13,77,1.8,1.8,1.0,399.0,16.15400908648118,40.830203124464674,6.688387598554197,0.15,1.0,0.17261835069698173,1.0,60.0
19,ctx-lh-isthmuscingulate,0.4173056921592585,0.0012211989407630507,0.0027833089657733068,2.762606794711759e-06,0.08213739021506514,0.1858853176197661,64,47,76,1.8,1.8,1.0,399.0,16.15400908648118,40.830203124464674,6.688387598554197,0.15,1.0,0.17261835069698173,1.0,60.0
1,ctx-lh-lateraloccipital,0.40608618129665053,0.0012084089026724062,0.0038802025163486515,3.872665730143231e-06,0.07877407086768878,0.26322613226412983,65,26,65,1.8,1.8,1.0,399.0,16.15400908648118,40.830203124464674,6.688387598554197,0.15,1.0,0.17261835069698173,1.0,60.0
34,Left-Thalamus-Proper,0.4034500814109777,0.0009105373675402916,0.0034301189990795437,2.5288280061075105e-06,0.06048110974807386,0.228900678174179,72,36,78,1.8,1.8,1.0,399.0,16.15400908648118,40.830203124464674,6.688387598554197,0.15,1.0,0.17261835069698173,1.0,60.0
69,ctx-rh-rostralmiddlefrontal,0.4019152355616007,0.0030413920290556147,0.0018447220397484919,4.602175589777146e-06,0.20088622183651722,0.12420339552587731,36,72,57,1.8,1.8,1.0,399.0,16.15400908648118,40.830203124464674,6.688387598554197,0.15,1.0,0.17261835069698173,1.0,60.0
22,ctx-lh-paracentral,0.40028096834316484,0.0016555819007506131,0.0033051555179719992,4.523474624168975e-06,0.11290382499536783,0.22389741312894748,52,37,58,1.8,1.8,1.0,399.0,16.15400908648118,40.830203124464674,6.688387598554197,0.15,1.0,0.17261835069698173,1.0,60.0
52,ctx-rh-temporalpole,0.38779415143478174,0.0006654526954044971,0.003773835173374442,2.07595407649833e-06,0.04433264668967825,0.2561476376050459,80,29,83,1.8,1.8,1.0,399.0,16.15400908648118,40.830203124464674,6.688387598554197,0.15,1.0,0.17261835069698173,1.0,60.0
81,Right-Amygdala,0.37961079070513115,0.0011267718555923267,0.0037702013923423066,3.480106968308875e-06,0.07616495134253772,0.25414130181710154,68,30,67,1.8,1.8,1.0,399.0,16.15400908648118,40.830203124464674,6.688387598554197,0.15,1.0,0.17261835069698173,1.0,60.0
75,Right-Thalamus-Proper,0.37909299504820276,0.0013312606941243807,0.00424749544536454,4.72338180899665e-06,0.09251270737030916,0.29030324657008727,61,16,52,1.8,1.8,1.0,399.0,16.15400908648118,40.830203124464674,6.688387598554197,0.15,1.0,0.17261835069698173,1.0,60.0
39,Left-Accumbens-area,0.37770468763318804,0.0007469174896482531,0.004040083344465387,2.486282937218281e-06,0.052625652683848265,0.2725458595200276,77,23,79,1.8,1.8,1.0,399.0,16.15400908648118,40.830203124464674,6.688387598554197,0.15,1.0,0.17261835069698173,1.0,60.0
20,ctx-lh-posteriorcingulate,0.373245700903488,0.0012000114172255325,0.0032345795819156676,3.1992939811828893e-06,0.08021001861189768,0.2194474925609051,67,38,71,1.8,1.8,1.0,399.0,16.15400908648118,40.830203124464674,6.688387598554197,0.15,1.0,0.17261835069698173,1.0,60.0
15,ctx-lh-precuneus,0.3365502667486849,0.0016520763109459634,0.0036428394273679684,4.944977948862994e-06,0.11036282861468369,0.24512505824687922,53,32,50,1.8,1.8,1.0,399.0,16.15400908648118,40.830203124464674,6.688387598554197,0.15,1.0,0.17261835069698173,1.0,60.0
