dynamics,label,L,seed,repeat,noise_mode,noise_std,n_samples,sample_count_mode,reference_l,source_dim,target_dim,ei_tm
identity,identity,0.5,20260429,0,fixed,0.05,512,fixed_density,4.0,1,1,1.1430479849131987
identity,identity,0.5,20260446,1,fixed,0.05,512,fixed_density,4.0,1,1,1.1180446582934775
identity,identity,0.5,20260463,2,fixed,0.05,512,fixed_density,4.0,1,1,1.120355520600353
identity,identity,0.5,20260480,3,fixed,0.05,512,fixed_density,4.0,1,1,1.05539629562718
identity,identity,0.5,20260497,4,fixed,0.05,512,fixed_density,4.0,1,1,1.1520932862026405
identity,identity,0.5,20260514,5,fixed,0.05,512,fixed_density,4.0,1,1,1.0873911848032285
identity,identity,0.5,20260531,6,fixed,0.05,512,fixed_density,4.0,1,1,1.1315967490186016
identity,identity,0.5,20260548,7,fixed,0.05,512,fixed_density,4.0,1,1,1.1103141087446746
identity,identity,0.5,20260565,8,fixed,0.05,512,fixed_density,4.0,1,1,1.1168274971106287
identity,identity,0.5,20260582,9,fixed,0.05,512,fixed_density,4.0,1,1,1.1362606667063189
identity,identity,1.0,20261429,0,fixed,0.05,1024,fixed_density,4.0,1,1,1.7478727060014247
identity,identity,1.0,20261446,1,fixed,0.05,1024,fixed_density,4.0,1,1,1.7609919839311319
identity,identity,1.0,20261463,2,fixed,0.05,1024,fixed_density,4.0,1,1,1.7769529453297017
identity,identity,1.0,20261480,3,fixed,0.05,1024,fixed_density,4.0,1,1,1.7906150864189585
identity,identity,1.0,20261497,4,fixed,0.05,1024,fixed_density,4.0,1,1,1.760439101855368
identity,identity,1.0,20261514,5,fixed,0.05,1024,fixed_density,4.0,1,1,1.7773667525498285
identity,identity,1.0,20261531,6,fixed,0.05,1024,fixed_density,4.0,1,1,1.7771058707934408
identity,identity,1.0,20261548,7,fixed,0.05,1024,fixed_density,4.0,1,1,1.8017666368557121
identity,identity,1.0,20261565,8,fixed,0.05,1024,fixed_density,4.0,1,1,1.7901260528536775
identity,identity,1.0,20261582,9,fixed,0.05,1024,fixed_density,4.0,1,1,1.8027452201536591
identity,identity,2.0,20262429,0,fixed,0.05,2048,fixed_density,4.0,1,1,2.441234247304007
identity,identity,2.0,20262446,1,fixed,0.05,2048,fixed_density,4.0,1,1,2.4603093656789046
identity,identity,2.0,20262463,2,fixed,0.05,2048,fixed_density,4.0,1,1,2.449313435792128
identity,identity,2.0,20262480,3,fixed,0.05,2048,fixed_density,4.0,1,1,2.4503709762721186
identity,identity,2.0,20262497,4,fixed,0.05,2048,fixed_density,4.0,1,1,2.4605775066685176
identity,identity,2.0,20262514,5,fixed,0.05,2048,fixed_density,4.0,1,1,2.447916708707543
identity,identity,2.0,20262531,6,fixed,0.05,2048,fixed_density,4.0,1,1,2.4752652233642074
identity,identity,2.0,20262548,7,fixed,0.05,2048,fixed_density,4.0,1,1,2.4269832465762677
identity,identity,2.0,20262565,8,fixed,0.05,2048,fixed_density,4.0,1,1,2.470788459271728
identity,identity,2.0,20262582,9,fixed,0.05,2048,fixed_density,4.0,1,1,2.438266764456544
identity,identity,4.0,20263429,0,fixed,0.05,4096,fixed_density,4.0,1,1,3.147417165062098
identity,identity,4.0,20263446,1,fixed,0.05,4096,fixed_density,4.0,1,1,3.137813492521702
identity,identity,4.0,20263463,2,fixed,0.05,4096,fixed_density,4.0,1,1,3.1456297504373056
identity,identity,4.0,20263480,3,fixed,0.05,4096,fixed_density,4.0,1,1,3.1388878689168056
identity,identity,4.0,20263497,4,fixed,0.05,4096,fixed_density,4.0,1,1,3.1533139381190005
identity,identity,4.0,20263514,5,fixed,0.05,4096,fixed_density,4.0,1,1,3.114513697692526
identity,identity,4.0,20263531,6,fixed,0.05,4096,fixed_density,4.0,1,1,3.1453097298628503
identity,identity,4.0,20263548,7,fixed,0.05,4096,fixed_density,4.0,1,1,3.1372761622775474
identity,identity,4.0,20263565,8,fixed,0.05,4096,fixed_density,4.0,1,1,3.156938592368296
identity,identity,4.0,20263582,9,fixed,0.05,4096,fixed_density,4.0,1,1,3.144324123719598
identity,identity,8.0,20264429,0,fixed,0.05,8192,fixed_density,4.0,1,1,3.83552657938473
identity,identity,8.0,20264446,1,fixed,0.05,8192,fixed_density,4.0,1,1,3.828238931080104
identity,identity,8.0,20264463,2,fixed,0.05,8192,fixed_density,4.0,1,1,3.8267817976610314
identity,identity,8.0,20264480,3,fixed,0.05,8192,fixed_density,4.0,1,1,3.8265374547666537
identity,identity,8.0,20264497,4,fixed,0.05,8192,fixed_density,4.0,1,1,3.8339722181406692
identity,identity,8.0,20264514,5,fixed,0.05,8192,fixed_density,4.0,1,1,3.8324351586246177
identity,identity,8.0,20264531,6,fixed,0.05,8192,fixed_density,4.0,1,1,3.8373373919180898
identity,identity,8.0,20264548,7,fixed,0.05,8192,fixed_density,4.0,1,1,3.8306718644897955
identity,identity,8.0,20264565,8,fixed,0.05,8192,fixed_density,4.0,1,1,3.844701137544189
identity,identity,8.0,20264582,9,fixed,0.05,8192,fixed_density,4.0,1,1,3.8273679164485936
identity,identity,12.0,20265429,0,fixed,0.05,12288,fixed_density,4.0,1,1,4.237441933593021
identity,identity,12.0,20265446,1,fixed,0.05,12288,fixed_density,4.0,1,1,4.243054936700221
identity,identity,12.0,20265463,2,fixed,0.05,12288,fixed_density,4.0,1,1,4.236255694827399
identity,identity,12.0,20265480,3,fixed,0.05,12288,fixed_density,4.0,1,1,4.242738136832565
identity,identity,12.0,20265497,4,fixed,0.05,12288,fixed_density,4.0,1,1,4.235554262819114
identity,identity,12.0,20265514,5,fixed,0.05,12288,fixed_density,4.0,1,1,4.23350982042359
identity,identity,12.0,20265531,6,fixed,0.05,12288,fixed_density,4.0,1,1,4.249127599254055
identity,identity,12.0,20265548,7,fixed,0.05,12288,fixed_density,4.0,1,1,4.231270618163858
identity,identity,12.0,20265565,8,fixed,0.05,12288,fixed_density,4.0,1,1,4.2314900372600155
identity,identity,12.0,20265582,9,fixed,0.05,12288,fixed_density,4.0,1,1,4.245350863885982
identity,identity,16.0,20266429,0,fixed,0.05,16384,fixed_density,4.0,1,1,4.532586221481095
identity,identity,16.0,20266446,1,fixed,0.05,16384,fixed_density,4.0,1,1,4.53082264701489
identity,identity,16.0,20266463,2,fixed,0.05,16384,fixed_density,4.0,1,1,4.514722188173426
identity,identity,16.0,20266480,3,fixed,0.05,16384,fixed_density,4.0,1,1,4.518175358278727
identity,identity,16.0,20266497,4,fixed,0.05,16384,fixed_density,4.0,1,1,4.520237630412408
identity,identity,16.0,20266514,5,fixed,0.05,16384,fixed_density,4.0,1,1,4.527195846422538
identity,identity,16.0,20266531,6,fixed,0.05,16384,fixed_density,4.0,1,1,4.533285193934365
identity,identity,16.0,20266548,7,fixed,0.05,16384,fixed_density,4.0,1,1,4.518334332719227
identity,identity,16.0,20266565,8,fixed,0.05,16384,fixed_density,4.0,1,1,4.526109677521216
identity,identity,16.0,20266582,9,fixed,0.05,16384,fixed_density,4.0,1,1,4.518431827477997
identity,identity,0.5,20260429,0,scaled_with_l,0.025,512,fixed_density,4.0,1,1,1.8012271924590466
identity,identity,0.5,20260446,1,scaled_with_l,0.025,512,fixed_density,4.0,1,1,1.7549250770209963
identity,identity,0.5,20260463,2,scaled_with_l,0.025,512,fixed_density,4.0,1,1,1.7580396692487565
identity,identity,0.5,20260480,3,scaled_with_l,0.025,512,fixed_density,4.0,1,1,1.716905175898039
identity,identity,0.5,20260497,4,scaled_with_l,0.025,512,fixed_density,4.0,1,1,1.8048142359780683
identity,identity,0.5,20260514,5,scaled_with_l,0.025,512,fixed_density,4.0,1,1,1.7340708386910437
identity,identity,0.5,20260531,6,scaled_with_l,0.025,512,fixed_density,4.0,1,1,1.7827233213858085
identity,identity,0.5,20260548,7,scaled_with_l,0.025,512,fixed_density,4.0,1,1,1.7634629723066437
identity,identity,0.5,20260565,8,scaled_with_l,0.025,512,fixed_density,4.0,1,1,1.7686118452243451
identity,identity,0.5,20260582,9,scaled_with_l,0.025,512,fixed_density,4.0,1,1,1.7954480716843522
identity,identity,1.0,20261429,0,scaled_with_l,0.05,1024,fixed_density,4.0,1,1,1.7478727060014247
identity,identity,1.0,20261446,1,scaled_with_l,0.05,1024,fixed_density,4.0,1,1,1.7609919839311319
identity,identity,1.0,20261463,2,scaled_with_l,0.05,1024,fixed_density,4.0,1,1,1.7769529453297017
identity,identity,1.0,20261480,3,scaled_with_l,0.05,1024,fixed_density,4.0,1,1,1.7906150864189585
identity,identity,1.0,20261497,4,scaled_with_l,0.05,1024,fixed_density,4.0,1,1,1.760439101855368
identity,identity,1.0,20261514,5,scaled_with_l,0.05,1024,fixed_density,4.0,1,1,1.7773667525498285
identity,identity,1.0,20261531,6,scaled_with_l,0.05,1024,fixed_density,4.0,1,1,1.7771058707934408
identity,identity,1.0,20261548,7,scaled_with_l,0.05,1024,fixed_density,4.0,1,1,1.8017666368557121
identity,identity,1.0,20261565,8,scaled_with_l,0.05,1024,fixed_density,4.0,1,1,1.7901260528536775
identity,identity,1.0,20261582,9,scaled_with_l,0.05,1024,fixed_density,4.0,1,1,1.8027452201536591
identity,identity,2.0,20262429,0,scaled_with_l,0.1,2048,fixed_density,4.0,1,1,1.7578127029369104
identity,identity,2.0,20262446,1,scaled_with_l,0.1,2048,fixed_density,4.0,1,1,1.778627972010571
identity,identity,2.0,20262463,2,scaled_with_l,0.1,2048,fixed_density,4.0,1,1,1.7631269149204618
identity,identity,2.0,20262480,3,scaled_with_l,0.1,2048,fixed_density,4.0,1,1,1.7659685542205268
identity,identity,2.0,20262497,4,scaled_with_l,0.1,2048,fixed_density,4.0,1,1,1.7773029076057452
identity,identity,2.0,20262514,5,scaled_with_l,0.1,2048,fixed_density,4.0,1,1,1.766817598538735
identity,identity,2.0,20262531,6,scaled_with_l,0.1,2048,fixed_density,4.0,1,1,1.7933996327956827
identity,identity,2.0,20262548,7,scaled_with_l,0.1,2048,fixed_density,4.0,1,1,1.7451345289195044
identity,identity,2.0,20262565,8,scaled_with_l,0.1,2048,fixed_density,4.0,1,1,1.7926273260115888
identity,identity,2.0,20262582,9,scaled_with_l,0.1,2048,fixed_density,4.0,1,1,1.7523567749981241
identity,identity,4.0,20263429,0,scaled_with_l,0.2,4096,fixed_density,4.0,1,1,1.7748458012142665
identity,identity,4.0,20263446,1,scaled_with_l,0.2,4096,fixed_density,4.0,1,1,1.7619496435173798
identity,identity,4.0,20263463,2,scaled_with_l,0.2,4096,fixed_density,4.0,1,1,1.7778647685858524
identity,identity,4.0,20263480,3,scaled_with_l,0.2,4096,fixed_density,4.0,1,1,1.7644722824441255
identity,identity,4.0,20263497,4,scaled_with_l,0.2,4096,fixed_density,4.0,1,1,1.7828063755790269
identity,identity,4.0,20263514,5,scaled_with_l,0.2,4096,fixed_density,4.0,1,1,1.7421228298251044
identity,identity,4.0,20263531,6,scaled_with_l,0.2,4096,fixed_density,4.0,1,1,1.7754808209821267
identity,identity,4.0,20263548,7,scaled_with_l,0.2,4096,fixed_density,4.0,1,1,1.7612908626855601
identity,identity,4.0,20263565,8,scaled_with_l,0.2,4096,fixed_density,4.0,1,1,1.7838098638088713
identity,identity,4.0,20263582,9,scaled_with_l,0.2,4096,fixed_density,4.0,1,1,1.7723780521718457
identity,identity,8.0,20264429,0,scaled_with_l,0.4,8192,fixed_density,4.0,1,1,1.7714212568935181
identity,identity,8.0,20264446,1,scaled_with_l,0.4,8192,fixed_density,4.0,1,1,1.764262712707167
identity,identity,8.0,20264463,2,scaled_with_l,0.4,8192,fixed_density,4.0,1,1,1.7637493499672794
identity,identity,8.0,20264480,3,scaled_with_l,0.4,8192,fixed_density,4.0,1,1,1.7631268533884266
identity,identity,8.0,20264497,4,scaled_with_l,0.4,8192,fixed_density,4.0,1,1,1.7693682561353186
identity,identity,8.0,20264514,5,scaled_with_l,0.4,8192,fixed_density,4.0,1,1,1.7677918600164553
identity,identity,8.0,20264531,6,scaled_with_l,0.4,8192,fixed_density,4.0,1,1,1.7731581927266997
identity,identity,8.0,20264548,7,scaled_with_l,0.4,8192,fixed_density,4.0,1,1,1.7642097859294825
identity,identity,8.0,20264565,8,scaled_with_l,0.4,8192,fixed_density,4.0,1,1,1.7819201776264437
identity,identity,8.0,20264582,9,scaled_with_l,0.4,8192,fixed_density,4.0,1,1,1.76198347575481
identity,identity,12.0,20265429,0,scaled_with_l,0.6000000000000001,12288,fixed_density,4.0,1,1,1.7664522197820816
identity,identity,12.0,20265446,1,scaled_with_l,0.6000000000000001,12288,fixed_density,4.0,1,1,1.7765507850978512
identity,identity,12.0,20265463,2,scaled_with_l,0.6000000000000001,12288,fixed_density,4.0,1,1,1.7667933235871722
identity,identity,12.0,20265480,3,scaled_with_l,0.6000000000000001,12288,fixed_density,4.0,1,1,1.7729107024247608
identity,identity,12.0,20265497,4,scaled_with_l,0.6000000000000001,12288,fixed_density,4.0,1,1,1.7681295512801836
identity,identity,12.0,20265514,5,scaled_with_l,0.6000000000000001,12288,fixed_density,4.0,1,1,1.7656846149126537
identity,identity,12.0,20265531,6,scaled_with_l,0.6000000000000001,12288,fixed_density,4.0,1,1,1.7777887519774047
identity,identity,12.0,20265548,7,scaled_with_l,0.6000000000000001,12288,fixed_density,4.0,1,1,1.7614034712575368
identity,identity,12.0,20265565,8,scaled_with_l,0.6000000000000001,12288,fixed_density,4.0,1,1,1.7621790519152036
identity,identity,12.0,20265582,9,scaled_with_l,0.6000000000000001,12288,fixed_density,4.0,1,1,1.773641328159049
identity,identity,16.0,20266429,0,scaled_with_l,0.8,16384,fixed_density,4.0,1,1,1.773333229524457
identity,identity,16.0,20266446,1,scaled_with_l,0.8,16384,fixed_density,4.0,1,1,1.7729821547258182
identity,identity,16.0,20266463,2,scaled_with_l,0.8,16384,fixed_density,4.0,1,1,1.7591479291366747
identity,identity,16.0,20266480,3,scaled_with_l,0.8,16384,fixed_density,4.0,1,1,1.760596217647993
identity,identity,16.0,20266497,4,scaled_with_l,0.8,16384,fixed_density,4.0,1,1,1.7627844230557237
identity,identity,16.0,20266514,5,scaled_with_l,0.8,16384,fixed_density,4.0,1,1,1.7678069703433863
identity,identity,16.0,20266531,6,scaled_with_l,0.8,16384,fixed_density,4.0,1,1,1.7751465688575112
identity,identity,16.0,20266548,7,scaled_with_l,0.8,16384,fixed_density,4.0,1,1,1.761157682603531
identity,identity,16.0,20266565,8,scaled_with_l,0.8,16384,fixed_density,4.0,1,1,1.7683645609483731
identity,identity,16.0,20266582,9,scaled_with_l,0.8,16384,fixed_density,4.0,1,1,1.7605080425057302
linear_gain,gain=0.5,0.5,20360429,0,fixed,0.05,512,fixed_density,4.0,1,1,0.5884131903372853
linear_gain,gain=0.5,0.5,20360446,1,fixed,0.05,512,fixed_density,4.0,1,1,0.5169326795849523
linear_gain,gain=0.5,0.5,20360463,2,fixed,0.05,512,fixed_density,4.0,1,1,0.5918131996365781
linear_gain,gain=0.5,0.5,20360480,3,fixed,0.05,512,fixed_density,4.0,1,1,0.6002444852698353
linear_gain,gain=0.5,0.5,20360497,4,fixed,0.05,512,fixed_density,4.0,1,1,0.5734311730144825
linear_gain,gain=0.5,0.5,20360514,5,fixed,0.05,512,fixed_density,4.0,1,1,0.554372983957027
linear_gain,gain=0.5,0.5,20360531,6,fixed,0.05,512,fixed_density,4.0,1,1,0.6038323205763063
linear_gain,gain=0.5,0.5,20360548,7,fixed,0.05,512,fixed_density,4.0,1,1,0.5778486968942846
linear_gain,gain=0.5,0.5,20360565,8,fixed,0.05,512,fixed_density,4.0,1,1,0.5346695925863864
linear_gain,gain=0.5,0.5,20360582,9,fixed,0.05,512,fixed_density,4.0,1,1,0.5523272881675296
linear_gain,gain=0.5,1.0,20361429,0,fixed,0.05,1024,fixed_density,4.0,1,1,1.109772189483797
linear_gain,gain=0.5,1.0,20361446,1,fixed,0.05,1024,fixed_density,4.0,1,1,1.086819650416536
linear_gain,gain=0.5,1.0,20361463,2,fixed,0.05,1024,fixed_density,4.0,1,1,1.0863863923826116
linear_gain,gain=0.5,1.0,20361480,3,fixed,0.05,1024,fixed_density,4.0,1,1,1.1081573014214938
linear_gain,gain=0.5,1.0,20361497,4,fixed,0.05,1024,fixed_density,4.0,1,1,1.126701653300982
linear_gain,gain=0.5,1.0,20361514,5,fixed,0.05,1024,fixed_density,4.0,1,1,1.1350930831365584
linear_gain,gain=0.5,1.0,20361531,6,fixed,0.05,1024,fixed_density,4.0,1,1,1.0649622466207966
linear_gain,gain=0.5,1.0,20361548,7,fixed,0.05,1024,fixed_density,4.0,1,1,1.1417179377638633
linear_gain,gain=0.5,1.0,20361565,8,fixed,0.05,1024,fixed_density,4.0,1,1,1.1090674653751174
linear_gain,gain=0.5,1.0,20361582,9,fixed,0.05,1024,fixed_density,4.0,1,1,1.1230772542081788
linear_gain,gain=0.5,2.0,20362429,0,fixed,0.05,2048,fixed_density,4.0,1,1,1.7953135515810112
linear_gain,gain=0.5,2.0,20362446,1,fixed,0.05,2048,fixed_density,4.0,1,1,1.7863140491749205
linear_gain,gain=0.5,2.0,20362463,2,fixed,0.05,2048,fixed_density,4.0,1,1,1.7959036129821953
linear_gain,gain=0.5,2.0,20362480,3,fixed,0.05,2048,fixed_density,4.0,1,1,1.7570439316394137
linear_gain,gain=0.5,2.0,20362497,4,fixed,0.05,2048,fixed_density,4.0,1,1,1.7542486626277518
linear_gain,gain=0.5,2.0,20362514,5,fixed,0.05,2048,fixed_density,4.0,1,1,1.7854584420343027
linear_gain,gain=0.5,2.0,20362531,6,fixed,0.05,2048,fixed_density,4.0,1,1,1.7791300226423297
linear_gain,gain=0.5,2.0,20362548,7,fixed,0.05,2048,fixed_density,4.0,1,1,1.772451451392071
linear_gain,gain=0.5,2.0,20362565,8,fixed,0.05,2048,fixed_density,4.0,1,1,1.8033705276098508
linear_gain,gain=0.5,2.0,20362582,9,fixed,0.05,2048,fixed_density,4.0,1,1,1.7604822224119097
linear_gain,gain=0.5,4.0,20363429,0,fixed,0.05,4096,fixed_density,4.0,1,1,2.463178186085247
linear_gain,gain=0.5,4.0,20363446,1,fixed,0.05,4096,fixed_density,4.0,1,1,2.4361244162864546
linear_gain,gain=0.5,4.0,20363463,2,fixed,0.05,4096,fixed_density,4.0,1,1,2.455925669743001
linear_gain,gain=0.5,4.0,20363480,3,fixed,0.05,4096,fixed_density,4.0,1,1,2.4630039271731365
linear_gain,gain=0.5,4.0,20363497,4,fixed,0.05,4096,fixed_density,4.0,1,1,2.4478020532012277
linear_gain,gain=0.5,4.0,20363514,5,fixed,0.05,4096,fixed_density,4.0,1,1,2.450176117833336
linear_gain,gain=0.5,4.0,20363531,6,fixed,0.05,4096,fixed_density,4.0,1,1,2.439941781252311
linear_gain,gain=0.5,4.0,20363548,7,fixed,0.05,4096,fixed_density,4.0,1,1,2.435456717153798
linear_gain,gain=0.5,4.0,20363565,8,fixed,0.05,4096,fixed_density,4.0,1,1,2.467806814620503
linear_gain,gain=0.5,4.0,20363582,9,fixed,0.05,4096,fixed_density,4.0,1,1,2.4463193940373564
linear_gain,gain=0.5,8.0,20364429,0,fixed,0.05,8192,fixed_density,4.0,1,1,3.1533738884446625
linear_gain,gain=0.5,8.0,20364446,1,fixed,0.05,8192,fixed_density,4.0,1,1,3.141396351980716
linear_gain,gain=0.5,8.0,20364463,2,fixed,0.05,8192,fixed_density,4.0,1,1,3.1518625945288763
linear_gain,gain=0.5,8.0,20364480,3,fixed,0.05,8192,fixed_density,4.0,1,1,3.1327448609291864
linear_gain,gain=0.5,8.0,20364497,4,fixed,0.05,8192,fixed_density,4.0,1,1,3.1532521331257266
linear_gain,gain=0.5,8.0,20364514,5,fixed,0.05,8192,fixed_density,4.0,1,1,3.134848201265494
linear_gain,gain=0.5,8.0,20364531,6,fixed,0.05,8192,fixed_density,4.0,1,1,3.1302022148646875
linear_gain,gain=0.5,8.0,20364548,7,fixed,0.05,8192,fixed_density,4.0,1,1,3.1367786442548393
linear_gain,gain=0.5,8.0,20364565,8,fixed,0.05,8192,fixed_density,4.0,1,1,3.134069260875018
linear_gain,gain=0.5,8.0,20364582,9,fixed,0.05,8192,fixed_density,4.0,1,1,3.1372825913737667
linear_gain,gain=0.5,12.0,20365429,0,fixed,0.05,12288,fixed_density,4.0,1,1,3.5471739402339453
linear_gain,gain=0.5,12.0,20365446,1,fixed,0.05,12288,fixed_density,4.0,1,1,3.5554207444871957
linear_gain,gain=0.5,12.0,20365463,2,fixed,0.05,12288,fixed_density,4.0,1,1,3.5555642842641526
linear_gain,gain=0.5,12.0,20365480,3,fixed,0.05,12288,fixed_density,4.0,1,1,3.5430635198031393
linear_gain,gain=0.5,12.0,20365497,4,fixed,0.05,12288,fixed_density,4.0,1,1,3.5483101358566422
linear_gain,gain=0.5,12.0,20365514,5,fixed,0.05,12288,fixed_density,4.0,1,1,3.5523391747035062
linear_gain,gain=0.5,12.0,20365531,6,fixed,0.05,12288,fixed_density,4.0,1,1,3.5350910689985473
linear_gain,gain=0.5,12.0,20365548,7,fixed,0.05,12288,fixed_density,4.0,1,1,3.5547962909885826
linear_gain,gain=0.5,12.0,20365565,8,fixed,0.05,12288,fixed_density,4.0,1,1,3.5436939639244023
linear_gain,gain=0.5,12.0,20365582,9,fixed,0.05,12288,fixed_density,4.0,1,1,3.5414207124103085
linear_gain,gain=0.5,16.0,20366429,0,fixed,0.05,16384,fixed_density,4.0,1,1,3.8309105879976277
linear_gain,gain=0.5,16.0,20366446,1,fixed,0.05,16384,fixed_density,4.0,1,1,3.8314190278162523
linear_gain,gain=0.5,16.0,20366463,2,fixed,0.05,16384,fixed_density,4.0,1,1,3.840681919834636
linear_gain,gain=0.5,16.0,20366480,3,fixed,0.05,16384,fixed_density,4.0,1,1,3.8359334868255326
linear_gain,gain=0.5,16.0,20366497,4,fixed,0.05,16384,fixed_density,4.0,1,1,3.8354673203164102
linear_gain,gain=0.5,16.0,20366514,5,fixed,0.05,16384,fixed_density,4.0,1,1,3.833542863979198
linear_gain,gain=0.5,16.0,20366531,6,fixed,0.05,16384,fixed_density,4.0,1,1,3.826131325905062
linear_gain,gain=0.5,16.0,20366548,7,fixed,0.05,16384,fixed_density,4.0,1,1,3.8363401456785198
linear_gain,gain=0.5,16.0,20366565,8,fixed,0.05,16384,fixed_density,4.0,1,1,3.835015717682797
linear_gain,gain=0.5,16.0,20366582,9,fixed,0.05,16384,fixed_density,4.0,1,1,3.8320086042969703
linear_gain,gain=0.5,0.5,20360429,0,scaled_with_l,0.025,512,fixed_density,4.0,1,1,1.1454701377926892
linear_gain,gain=0.5,0.5,20360446,1,scaled_with_l,0.025,512,fixed_density,4.0,1,1,1.0650461848771107
linear_gain,gain=0.5,0.5,20360463,2,scaled_with_l,0.025,512,fixed_density,4.0,1,1,1.1593909312888355
linear_gain,gain=0.5,0.5,20360480,3,scaled_with_l,0.025,512,fixed_density,4.0,1,1,1.1522487579756335
linear_gain,gain=0.5,0.5,20360497,4,scaled_with_l,0.025,512,fixed_density,4.0,1,1,1.1216794949664028
linear_gain,gain=0.5,0.5,20360514,5,scaled_with_l,0.025,512,fixed_density,4.0,1,1,1.115634479696257
linear_gain,gain=0.5,0.5,20360531,6,scaled_with_l,0.025,512,fixed_density,4.0,1,1,1.1853351520307485
linear_gain,gain=0.5,0.5,20360548,7,scaled_with_l,0.025,512,fixed_density,4.0,1,1,1.1239739087748206
linear_gain,gain=0.5,0.5,20360565,8,scaled_with_l,0.025,512,fixed_density,4.0,1,1,1.0832864708647587
linear_gain,gain=0.5,0.5,20360582,9,scaled_with_l,0.025,512,fixed_density,4.0,1,1,1.0923997754094148
linear_gain,gain=0.5,1.0,20361429,0,scaled_with_l,0.05,1024,fixed_density,4.0,1,1,1.109772189483797
linear_gain,gain=0.5,1.0,20361446,1,scaled_with_l,0.05,1024,fixed_density,4.0,1,1,1.086819650416536
linear_gain,gain=0.5,1.0,20361463,2,scaled_with_l,0.05,1024,fixed_density,4.0,1,1,1.0863863923826116
linear_gain,gain=0.5,1.0,20361480,3,scaled_with_l,0.05,1024,fixed_density,4.0,1,1,1.1081573014214938
linear_gain,gain=0.5,1.0,20361497,4,scaled_with_l,0.05,1024,fixed_density,4.0,1,1,1.126701653300982
linear_gain,gain=0.5,1.0,20361514,5,scaled_with_l,0.05,1024,fixed_density,4.0,1,1,1.1350930831365584
linear_gain,gain=0.5,1.0,20361531,6,scaled_with_l,0.05,1024,fixed_density,4.0,1,1,1.0649622466207966
linear_gain,gain=0.5,1.0,20361548,7,scaled_with_l,0.05,1024,fixed_density,4.0,1,1,1.1417179377638633
linear_gain,gain=0.5,1.0,20361565,8,scaled_with_l,0.05,1024,fixed_density,4.0,1,1,1.1090674653751174
linear_gain,gain=0.5,1.0,20361582,9,scaled_with_l,0.05,1024,fixed_density,4.0,1,1,1.1230772542081788
linear_gain,gain=0.5,2.0,20362429,0,scaled_with_l,0.1,2048,fixed_density,4.0,1,1,1.1435150500145372
linear_gain,gain=0.5,2.0,20362446,1,scaled_with_l,0.1,2048,fixed_density,4.0,1,1,1.1272202474754855
linear_gain,gain=0.5,2.0,20362463,2,scaled_with_l,0.1,2048,fixed_density,4.0,1,1,1.1486380606196875
linear_gain,gain=0.5,2.0,20362480,3,scaled_with_l,0.1,2048,fixed_density,4.0,1,1,1.1069130406054575
linear_gain,gain=0.5,2.0,20362497,4,scaled_with_l,0.1,2048,fixed_density,4.0,1,1,1.1012305802704692
linear_gain,gain=0.5,2.0,20362514,5,scaled_with_l,0.1,2048,fixed_density,4.0,1,1,1.1348445359995223
linear_gain,gain=0.5,2.0,20362531,6,scaled_with_l,0.1,2048,fixed_density,4.0,1,1,1.1248743137748884
linear_gain,gain=0.5,2.0,20362548,7,scaled_with_l,0.1,2048,fixed_density,4.0,1,1,1.1238698587814224
linear_gain,gain=0.5,2.0,20362565,8,scaled_with_l,0.1,2048,fixed_density,4.0,1,1,1.148041531270593
linear_gain,gain=0.5,2.0,20362582,9,scaled_with_l,0.1,2048,fixed_density,4.0,1,1,1.111176910158304
linear_gain,gain=0.5,4.0,20363429,0,scaled_with_l,0.2,4096,fixed_density,4.0,1,1,1.126417387871155
linear_gain,gain=0.5,4.0,20363446,1,scaled_with_l,0.2,4096,fixed_density,4.0,1,1,1.1070961344527013
linear_gain,gain=0.5,4.0,20363463,2,scaled_with_l,0.2,4096,fixed_density,4.0,1,1,1.1222922843902632
linear_gain,gain=0.5,4.0,20363480,3,scaled_with_l,0.2,4096,fixed_density,4.0,1,1,1.1290922712542961
linear_gain,gain=0.5,4.0,20363497,4,scaled_with_l,0.2,4096,fixed_density,4.0,1,1,1.1175189671307388
linear_gain,gain=0.5,4.0,20363514,5,scaled_with_l,0.2,4096,fixed_density,4.0,1,1,1.1177700060226239
linear_gain,gain=0.5,4.0,20363531,6,scaled_with_l,0.2,4096,fixed_density,4.0,1,1,1.1040473682794671
linear_gain,gain=0.5,4.0,20363548,7,scaled_with_l,0.2,4096,fixed_density,4.0,1,1,1.1098503538355775
linear_gain,gain=0.5,4.0,20363565,8,scaled_with_l,0.2,4096,fixed_density,4.0,1,1,1.1348865322463493
linear_gain,gain=0.5,4.0,20363582,9,scaled_with_l,0.2,4096,fixed_density,4.0,1,1,1.1170518252466957
linear_gain,gain=0.5,8.0,20364429,0,scaled_with_l,0.4,8192,fixed_density,4.0,1,1,1.1316443587715532
linear_gain,gain=0.5,8.0,20364446,1,scaled_with_l,0.4,8192,fixed_density,4.0,1,1,1.1161368750578404
linear_gain,gain=0.5,8.0,20364463,2,scaled_with_l,0.4,8192,fixed_density,4.0,1,1,1.1217573044135805
linear_gain,gain=0.5,8.0,20364480,3,scaled_with_l,0.4,8192,fixed_density,4.0,1,1,1.108129772309614
linear_gain,gain=0.5,8.0,20364497,4,scaled_with_l,0.4,8192,fixed_density,4.0,1,1,1.128689435180172
linear_gain,gain=0.5,8.0,20364514,5,scaled_with_l,0.4,8192,fixed_density,4.0,1,1,1.108717977764028
linear_gain,gain=0.5,8.0,20364531,6,scaled_with_l,0.4,8192,fixed_density,4.0,1,1,1.1039546832643319
linear_gain,gain=0.5,8.0,20364548,7,scaled_with_l,0.4,8192,fixed_density,4.0,1,1,1.1140139346536628
linear_gain,gain=0.5,8.0,20364565,8,scaled_with_l,0.4,8192,fixed_density,4.0,1,1,1.1107093177926957
linear_gain,gain=0.5,8.0,20364582,9,scaled_with_l,0.4,8192,fixed_density,4.0,1,1,1.110777709945825
linear_gain,gain=0.5,12.0,20365429,0,scaled_with_l,0.6000000000000001,12288,fixed_density,4.0,1,1,1.118601696901719
linear_gain,gain=0.5,12.0,20365446,1,scaled_with_l,0.6000000000000001,12288,fixed_density,4.0,1,1,1.1233891046083027
linear_gain,gain=0.5,12.0,20365463,2,scaled_with_l,0.6000000000000001,12288,fixed_density,4.0,1,1,1.126059662212234
linear_gain,gain=0.5,12.0,20365480,3,scaled_with_l,0.6000000000000001,12288,fixed_density,4.0,1,1,1.112758491153475
linear_gain,gain=0.5,12.0,20365497,4,scaled_with_l,0.6000000000000001,12288,fixed_density,4.0,1,1,1.1187281250846859
linear_gain,gain=0.5,12.0,20365514,5,scaled_with_l,0.6000000000000001,12288,fixed_density,4.0,1,1,1.1193084753569662
linear_gain,gain=0.5,12.0,20365531,6,scaled_with_l,0.6000000000000001,12288,fixed_density,4.0,1,1,1.1092710505048977
linear_gain,gain=0.5,12.0,20365548,7,scaled_with_l,0.6000000000000001,12288,fixed_density,4.0,1,1,1.1260034523981062
linear_gain,gain=0.5,12.0,20365565,8,scaled_with_l,0.6000000000000001,12288,fixed_density,4.0,1,1,1.1166689287565106
linear_gain,gain=0.5,12.0,20365582,9,scaled_with_l,0.6000000000000001,12288,fixed_density,4.0,1,1,1.1130118555475
linear_gain,gain=0.5,16.0,20366429,0,scaled_with_l,0.8,16384,fixed_density,4.0,1,1,1.1154556534264832
linear_gain,gain=0.5,16.0,20366446,1,scaled_with_l,0.8,16384,fixed_density,4.0,1,1,1.1112162157618453
linear_gain,gain=0.5,16.0,20366463,2,scaled_with_l,0.8,16384,fixed_density,4.0,1,1,1.1241209750050278
linear_gain,gain=0.5,16.0,20366480,3,scaled_with_l,0.8,16384,fixed_density,4.0,1,1,1.1221648899344057
linear_gain,gain=0.5,16.0,20366497,4,scaled_with_l,0.8,16384,fixed_density,4.0,1,1,1.11895714616873
linear_gain,gain=0.5,16.0,20366514,5,scaled_with_l,0.8,16384,fixed_density,4.0,1,1,1.1183087295839105
linear_gain,gain=0.5,16.0,20366531,6,scaled_with_l,0.8,16384,fixed_density,4.0,1,1,1.1091187118264234
linear_gain,gain=0.5,16.0,20366548,7,scaled_with_l,0.8,16384,fixed_density,4.0,1,1,1.1193935675646802
linear_gain,gain=0.5,16.0,20366565,8,scaled_with_l,0.8,16384,fixed_density,4.0,1,1,1.1202626832998646
linear_gain,gain=0.5,16.0,20366582,9,scaled_with_l,0.8,16384,fixed_density,4.0,1,1,1.11661292852109
linear_gain,gain=2.0,0.5,20460429,0,fixed,0.05,512,fixed_density,4.0,1,1,1.7071825890917458
linear_gain,gain=2.0,0.5,20460446,1,fixed,0.05,512,fixed_density,4.0,1,1,1.8596768749435555
linear_gain,gain=2.0,0.5,20460463,2,fixed,0.05,512,fixed_density,4.0,1,1,1.7542995236139065
linear_gain,gain=2.0,0.5,20460480,3,fixed,0.05,512,fixed_density,4.0,1,1,1.7684601837703111
linear_gain,gain=2.0,0.5,20460497,4,fixed,0.05,512,fixed_density,4.0,1,1,1.7905508466062043
linear_gain,gain=2.0,0.5,20460514,5,fixed,0.05,512,fixed_density,4.0,1,1,1.7241197717225187
linear_gain,gain=2.0,0.5,20460531,6,fixed,0.05,512,fixed_density,4.0,1,1,1.7472345508528968
linear_gain,gain=2.0,0.5,20460548,7,fixed,0.05,512,fixed_density,4.0,1,1,1.7721985088422345
linear_gain,gain=2.0,0.5,20460565,8,fixed,0.05,512,fixed_density,4.0,1,1,1.793322987674447
linear_gain,gain=2.0,0.5,20460582,9,fixed,0.05,512,fixed_density,4.0,1,1,1.7737487148656492
linear_gain,gain=2.0,1.0,20461429,0,fixed,0.05,1024,fixed_density,4.0,1,1,2.5061097333696374
linear_gain,gain=2.0,1.0,20461446,1,fixed,0.05,1024,fixed_density,4.0,1,1,2.4316759694034786
linear_gain,gain=2.0,1.0,20461463,2,fixed,0.05,1024,fixed_density,4.0,1,1,2.465153051814884
linear_gain,gain=2.0,1.0,20461480,3,fixed,0.05,1024,fixed_density,4.0,1,1,2.447268755315773
linear_gain,gain=2.0,1.0,20461497,4,fixed,0.05,1024,fixed_density,4.0,1,1,2.4634070859194783
linear_gain,gain=2.0,1.0,20461514,5,fixed,0.05,1024,fixed_density,4.0,1,1,2.411772995826232
linear_gain,gain=2.0,1.0,20461531,6,fixed,0.05,1024,fixed_density,4.0,1,1,2.4185944225583995
linear_gain,gain=2.0,1.0,20461548,7,fixed,0.05,1024,fixed_density,4.0,1,1,2.4605552947794473
linear_gain,gain=2.0,1.0,20461565,8,fixed,0.05,1024,fixed_density,4.0,1,1,2.4394881630443126
linear_gain,gain=2.0,1.0,20461582,9,fixed,0.05,1024,fixed_density,4.0,1,1,2.4141536998439213
linear_gain,gain=2.0,2.0,20462429,0,fixed,0.05,2048,fixed_density,4.0,1,1,3.158001227125281
linear_gain,gain=2.0,2.0,20462446,1,fixed,0.05,2048,fixed_density,4.0,1,1,3.127199312307838
linear_gain,gain=2.0,2.0,20462463,2,fixed,0.05,2048,fixed_density,4.0,1,1,3.15800816088493
linear_gain,gain=2.0,2.0,20462480,3,fixed,0.05,2048,fixed_density,4.0,1,1,3.1578728122224686
linear_gain,gain=2.0,2.0,20462497,4,fixed,0.05,2048,fixed_density,4.0,1,1,3.152946994569521
linear_gain,gain=2.0,2.0,20462514,5,fixed,0.05,2048,fixed_density,4.0,1,1,3.1179500079869826
linear_gain,gain=2.0,2.0,20462531,6,fixed,0.05,2048,fixed_density,4.0,1,1,3.145940620151361
linear_gain,gain=2.0,2.0,20462548,7,fixed,0.05,2048,fixed_density,4.0,1,1,3.1152382343684506
linear_gain,gain=2.0,2.0,20462565,8,fixed,0.05,2048,fixed_density,4.0,1,1,3.1326818751369245
linear_gain,gain=2.0,2.0,20462582,9,fixed,0.05,2048,fixed_density,4.0,1,1,3.1336974525213357
linear_gain,gain=2.0,4.0,20463429,0,fixed,0.05,4096,fixed_density,4.0,1,1,3.8496527161399934
linear_gain,gain=2.0,4.0,20463446,1,fixed,0.05,4096,fixed_density,4.0,1,1,3.8260882093626414
linear_gain,gain=2.0,4.0,20463463,2,fixed,0.05,4096,fixed_density,4.0,1,1,3.841050124357097
linear_gain,gain=2.0,4.0,20463480,3,fixed,0.05,4096,fixed_density,4.0,1,1,3.8451040210135057
linear_gain,gain=2.0,4.0,20463497,4,fixed,0.05,4096,fixed_density,4.0,1,1,3.8296039876077104
linear_gain,gain=2.0,4.0,20463514,5,fixed,0.05,4096,fixed_density,4.0,1,1,3.8498114090322773
linear_gain,gain=2.0,4.0,20463531,6,fixed,0.05,4096,fixed_density,4.0,1,1,3.838828989678202
linear_gain,gain=2.0,4.0,20463548,7,fixed,0.05,4096,fixed_density,4.0,1,1,3.828837083289861
linear_gain,gain=2.0,4.0,20463565,8,fixed,0.05,4096,fixed_density,4.0,1,1,3.8331749994233055
linear_gain,gain=2.0,4.0,20463582,9,fixed,0.05,4096,fixed_density,4.0,1,1,3.8343031743230283
linear_gain,gain=2.0,8.0,20464429,0,fixed,0.05,8192,fixed_density,4.0,1,1,4.532649114649614
linear_gain,gain=2.0,8.0,20464446,1,fixed,0.05,8192,fixed_density,4.0,1,1,4.526979014280155
linear_gain,gain=2.0,8.0,20464463,2,fixed,0.05,8192,fixed_density,4.0,1,1,4.524166852211892
linear_gain,gain=2.0,8.0,20464480,3,fixed,0.05,8192,fixed_density,4.0,1,1,4.518961415292664
linear_gain,gain=2.0,8.0,20464497,4,fixed,0.05,8192,fixed_density,4.0,1,1,4.509513519094067
linear_gain,gain=2.0,8.0,20464514,5,fixed,0.05,8192,fixed_density,4.0,1,1,4.543515032654582
linear_gain,gain=2.0,8.0,20464531,6,fixed,0.05,8192,fixed_density,4.0,1,1,4.537168139752408
linear_gain,gain=2.0,8.0,20464548,7,fixed,0.05,8192,fixed_density,4.0,1,1,4.527588127214753
linear_gain,gain=2.0,8.0,20464565,8,fixed,0.05,8192,fixed_density,4.0,1,1,4.5302459839393165
linear_gain,gain=2.0,8.0,20464582,9,fixed,0.05,8192,fixed_density,4.0,1,1,4.53120911467191
linear_gain,gain=2.0,12.0,20465429,0,fixed,0.05,12288,fixed_density,4.0,1,1,4.929145127330593
linear_gain,gain=2.0,12.0,20465446,1,fixed,0.05,12288,fixed_density,4.0,1,1,4.925604850468351
linear_gain,gain=2.0,12.0,20465463,2,fixed,0.05,12288,fixed_density,4.0,1,1,4.93026433903585
linear_gain,gain=2.0,12.0,20465480,3,fixed,0.05,12288,fixed_density,4.0,1,1,4.932368498017474
linear_gain,gain=2.0,12.0,20465497,4,fixed,0.05,12288,fixed_density,4.0,1,1,4.926311532796169
linear_gain,gain=2.0,12.0,20465514,5,fixed,0.05,12288,fixed_density,4.0,1,1,4.934462289685588
linear_gain,gain=2.0,12.0,20465531,6,fixed,0.05,12288,fixed_density,4.0,1,1,4.929066074874171
linear_gain,gain=2.0,12.0,20465548,7,fixed,0.05,12288,fixed_density,4.0,1,1,4.93847534952362
linear_gain,gain=2.0,12.0,20465565,8,fixed,0.05,12288,fixed_density,4.0,1,1,4.930115484210133
linear_gain,gain=2.0,12.0,20465582,9,fixed,0.05,12288,fixed_density,4.0,1,1,4.930042715219266
linear_gain,gain=2.0,16.0,20466429,0,fixed,0.05,16384,fixed_density,4.0,1,1,5.22468224169988
linear_gain,gain=2.0,16.0,20466446,1,fixed,0.05,16384,fixed_density,4.0,1,1,5.227867468352897
linear_gain,gain=2.0,16.0,20466463,2,fixed,0.05,16384,fixed_density,4.0,1,1,5.208812059429624
linear_gain,gain=2.0,16.0,20466480,3,fixed,0.05,16384,fixed_density,4.0,1,1,5.211520176343451
linear_gain,gain=2.0,16.0,20466497,4,fixed,0.05,16384,fixed_density,4.0,1,1,5.220010778053289
linear_gain,gain=2.0,16.0,20466514,5,fixed,0.05,16384,fixed_density,4.0,1,1,5.215891528155103
linear_gain,gain=2.0,16.0,20466531,6,fixed,0.05,16384,fixed_density,4.0,1,1,5.213352323708844
linear_gain,gain=2.0,16.0,20466548,7,fixed,0.05,16384,fixed_density,4.0,1,1,5.220342091275348
linear_gain,gain=2.0,16.0,20466565,8,fixed,0.05,16384,fixed_density,4.0,1,1,5.217448497434983
linear_gain,gain=2.0,16.0,20466582,9,fixed,0.05,16384,fixed_density,4.0,1,1,5.214914964917238
linear_gain,gain=2.0,0.5,20460429,0,scaled_with_l,0.025,512,fixed_density,4.0,1,1,2.385224375083499
linear_gain,gain=2.0,0.5,20460446,1,scaled_with_l,0.025,512,fixed_density,4.0,1,1,2.5501085532589
linear_gain,gain=2.0,0.5,20460463,2,scaled_with_l,0.025,512,fixed_density,4.0,1,1,2.4316532461497564
linear_gain,gain=2.0,0.5,20460480,3,scaled_with_l,0.025,512,fixed_density,4.0,1,1,2.4494963260527993
linear_gain,gain=2.0,0.5,20460497,4,scaled_with_l,0.025,512,fixed_density,4.0,1,1,2.4758048359786766
linear_gain,gain=2.0,0.5,20460514,5,scaled_with_l,0.025,512,fixed_density,4.0,1,1,2.4019069333609906
linear_gain,gain=2.0,0.5,20460531,6,scaled_with_l,0.025,512,fixed_density,4.0,1,1,2.4296410420316517
linear_gain,gain=2.0,0.5,20460548,7,scaled_with_l,0.025,512,fixed_density,4.0,1,1,2.4490443126442765
linear_gain,gain=2.0,0.5,20460565,8,scaled_with_l,0.025,512,fixed_density,4.0,1,1,2.477581687018146
linear_gain,gain=2.0,0.5,20460582,9,scaled_with_l,0.025,512,fixed_density,4.0,1,1,2.457679967554463
linear_gain,gain=2.0,1.0,20461429,0,scaled_with_l,0.05,1024,fixed_density,4.0,1,1,2.5061097333696374
linear_gain,gain=2.0,1.0,20461446,1,scaled_with_l,0.05,1024,fixed_density,4.0,1,1,2.4316759694034786
linear_gain,gain=2.0,1.0,20461463,2,scaled_with_l,0.05,1024,fixed_density,4.0,1,1,2.465153051814884
linear_gain,gain=2.0,1.0,20461480,3,scaled_with_l,0.05,1024,fixed_density,4.0,1,1,2.447268755315773
linear_gain,gain=2.0,1.0,20461497,4,scaled_with_l,0.05,1024,fixed_density,4.0,1,1,2.4634070859194783
linear_gain,gain=2.0,1.0,20461514,5,scaled_with_l,0.05,1024,fixed_density,4.0,1,1,2.411772995826232
linear_gain,gain=2.0,1.0,20461531,6,scaled_with_l,0.05,1024,fixed_density,4.0,1,1,2.4185944225583995
linear_gain,gain=2.0,1.0,20461548,7,scaled_with_l,0.05,1024,fixed_density,4.0,1,1,2.4605552947794473
linear_gain,gain=2.0,1.0,20461565,8,scaled_with_l,0.05,1024,fixed_density,4.0,1,1,2.4394881630443126
linear_gain,gain=2.0,1.0,20461582,9,scaled_with_l,0.05,1024,fixed_density,4.0,1,1,2.4141536998439213
linear_gain,gain=2.0,2.0,20462429,0,scaled_with_l,0.1,2048,fixed_density,4.0,1,1,2.4677950837307874
linear_gain,gain=2.0,2.0,20462446,1,scaled_with_l,0.1,2048,fixed_density,4.0,1,1,2.4372573575324585
linear_gain,gain=2.0,2.0,20462463,2,scaled_with_l,0.1,2048,fixed_density,4.0,1,1,2.4675759573971106
linear_gain,gain=2.0,2.0,20462480,3,scaled_with_l,0.1,2048,fixed_density,4.0,1,1,2.466792469423045
linear_gain,gain=2.0,2.0,20462497,4,scaled_with_l,0.1,2048,fixed_density,4.0,1,1,2.4630233204628897
linear_gain,gain=2.0,2.0,20462514,5,scaled_with_l,0.1,2048,fixed_density,4.0,1,1,2.4267573986056536
linear_gain,gain=2.0,2.0,20462531,6,scaled_with_l,0.1,2048,fixed_density,4.0,1,1,2.4536685081977696
linear_gain,gain=2.0,2.0,20462548,7,scaled_with_l,0.1,2048,fixed_density,4.0,1,1,2.424789824110195
linear_gain,gain=2.0,2.0,20462565,8,scaled_with_l,0.1,2048,fixed_density,4.0,1,1,2.442284954550794
linear_gain,gain=2.0,2.0,20462582,9,scaled_with_l,0.1,2048,fixed_density,4.0,1,1,2.441678957696034
linear_gain,gain=2.0,4.0,20463429,0,scaled_with_l,0.2,4096,fixed_density,4.0,1,1,2.467153518859831
linear_gain,gain=2.0,4.0,20463446,1,scaled_with_l,0.2,4096,fixed_density,4.0,1,1,2.442946293835305
linear_gain,gain=2.0,4.0,20463463,2,scaled_with_l,0.2,4096,fixed_density,4.0,1,1,2.459439002140825
linear_gain,gain=2.0,4.0,20463480,3,scaled_with_l,0.2,4096,fixed_density,4.0,1,1,2.4618866279208085
linear_gain,gain=2.0,4.0,20463497,4,scaled_with_l,0.2,4096,fixed_density,4.0,1,1,2.4461146670611624
linear_gain,gain=2.0,4.0,20463514,5,scaled_with_l,0.2,4096,fixed_density,4.0,1,1,2.4674834338542695
linear_gain,gain=2.0,4.0,20463531,6,scaled_with_l,0.2,4096,fixed_density,4.0,1,1,2.456318918706634
linear_gain,gain=2.0,4.0,20463548,7,scaled_with_l,0.2,4096,fixed_density,4.0,1,1,2.4472989372259315
linear_gain,gain=2.0,4.0,20463565,8,scaled_with_l,0.2,4096,fixed_density,4.0,1,1,2.4509607496604824
linear_gain,gain=2.0,4.0,20463582,9,scaled_with_l,0.2,4096,fixed_density,4.0,1,1,2.4516835900232996
linear_gain,gain=2.0,8.0,20464429,0,scaled_with_l,0.4,8192,fixed_density,4.0,1,1,2.456158592382641
linear_gain,gain=2.0,8.0,20464446,1,scaled_with_l,0.4,8192,fixed_density,4.0,1,1,2.4515731481274985
linear_gain,gain=2.0,8.0,20464463,2,scaled_with_l,0.4,8192,fixed_density,4.0,1,1,2.4469842686763283
linear_gain,gain=2.0,8.0,20464480,3,scaled_with_l,0.4,8192,fixed_density,4.0,1,1,2.4426923691398637
linear_gain,gain=2.0,8.0,20464497,4,scaled_with_l,0.4,8192,fixed_density,4.0,1,1,2.4340318326220416
linear_gain,gain=2.0,8.0,20464514,5,scaled_with_l,0.4,8192,fixed_density,4.0,1,1,2.4685333333622026
linear_gain,gain=2.0,8.0,20464531,6,scaled_with_l,0.4,8192,fixed_density,4.0,1,1,2.461616635414086
linear_gain,gain=2.0,8.0,20464548,7,scaled_with_l,0.4,8192,fixed_density,4.0,1,1,2.450319503493459
linear_gain,gain=2.0,8.0,20464565,8,scaled_with_l,0.4,8192,fixed_density,4.0,1,1,2.453465384334184
linear_gain,gain=2.0,8.0,20464582,9,scaled_with_l,0.4,8192,fixed_density,4.0,1,1,2.454568531079635
linear_gain,gain=2.0,12.0,20465429,0,scaled_with_l,0.6000000000000001,12288,fixed_density,4.0,1,1,2.446969649034547
linear_gain,gain=2.0,12.0,20465446,1,scaled_with_l,0.6000000000000001,12288,fixed_density,4.0,1,1,2.4444637045720423
linear_gain,gain=2.0,12.0,20465463,2,scaled_with_l,0.6000000000000001,12288,fixed_density,4.0,1,1,2.450224031525997
linear_gain,gain=2.0,12.0,20465480,3,scaled_with_l,0.6000000000000001,12288,fixed_density,4.0,1,1,2.45126274019314
linear_gain,gain=2.0,12.0,20465497,4,scaled_with_l,0.6000000000000001,12288,fixed_density,4.0,1,1,2.44567282813504
linear_gain,gain=2.0,12.0,20465514,5,scaled_with_l,0.6000000000000001,12288,fixed_density,4.0,1,1,2.453834979238678
linear_gain,gain=2.0,12.0,20465531,6,scaled_with_l,0.6000000000000001,12288,fixed_density,4.0,1,1,2.447448791226561
linear_gain,gain=2.0,12.0,20465548,7,scaled_with_l,0.6000000000000001,12288,fixed_density,4.0,1,1,2.457578377667971
linear_gain,gain=2.0,12.0,20465565,8,scaled_with_l,0.6000000000000001,12288,fixed_density,4.0,1,1,2.448476882795725
linear_gain,gain=2.0,12.0,20465582,9,scaled_with_l,0.6000000000000001,12288,fixed_density,4.0,1,1,2.44755523056121
linear_gain,gain=2.0,16.0,20466429,0,scaled_with_l,0.8,16384,fixed_density,4.0,1,1,2.455309717742927
linear_gain,gain=2.0,16.0,20466446,1,scaled_with_l,0.8,16384,fixed_density,4.0,1,1,2.4589214934216086
linear_gain,gain=2.0,16.0,20466463,2,scaled_with_l,0.8,16384,fixed_density,4.0,1,1,2.440396789935948
linear_gain,gain=2.0,16.0,20466480,3,scaled_with_l,0.8,16384,fixed_density,4.0,1,1,2.443051276892632
linear_gain,gain=2.0,16.0,20466497,4,scaled_with_l,0.8,16384,fixed_density,4.0,1,1,2.450495600523155
linear_gain,gain=2.0,16.0,20466514,5,scaled_with_l,0.8,16384,fixed_density,4.0,1,1,2.448503220223909
linear_gain,gain=2.0,16.0,20466531,6,scaled_with_l,0.8,16384,fixed_density,4.0,1,1,2.444484261113308
linear_gain,gain=2.0,16.0,20466548,7,scaled_with_l,0.8,16384,fixed_density,4.0,1,1,2.4513210146092117
linear_gain,gain=2.0,16.0,20466565,8,scaled_with_l,0.8,16384,fixed_density,4.0,1,1,2.4486800151424966
linear_gain,gain=2.0,16.0,20466582,9,scaled_with_l,0.8,16384,fixed_density,4.0,1,1,2.4461854140582586
product,product,0.5,20560429,0,fixed,0.05,512,fixed_density,4.0,2,1,0.08434363745664977
product,product,0.5,20560446,1,fixed,0.05,512,fixed_density,4.0,2,1,0.08548789273285598
product,product,0.5,20560463,2,fixed,0.05,512,fixed_density,4.0,2,1,0.08830564957164808
product,product,0.5,20560480,3,fixed,0.05,512,fixed_density,4.0,2,1,0.07299361615465746
product,product,0.5,20560497,4,fixed,0.05,512,fixed_density,4.0,2,1,0.09561078934894121
product,product,0.5,20560514,5,fixed,0.05,512,fixed_density,4.0,2,1,0.11438433203409085
product,product,0.5,20560531,6,fixed,0.05,512,fixed_density,4.0,2,1,0.05229095462622742
product,product,0.5,20560548,7,fixed,0.05,512,fixed_density,4.0,2,1,0.07745794112116305
product,product,0.5,20560565,8,fixed,0.05,512,fixed_density,4.0,2,1,0.09143108937548561
product,product,0.5,20560582,9,fixed,0.05,512,fixed_density,4.0,2,1,0.08908803638506385
product,product,1.0,20561429,0,fixed,0.05,512,fixed_density,4.0,2,1,0.6496441419408333
product,product,1.0,20561446,1,fixed,0.05,512,fixed_density,4.0,2,1,0.6905838686816391
product,product,1.0,20561463,2,fixed,0.05,512,fixed_density,4.0,2,1,0.6317119365220945
product,product,1.0,20561480,3,fixed,0.05,512,fixed_density,4.0,2,1,0.6723706085512134
product,product,1.0,20561497,4,fixed,0.05,512,fixed_density,4.0,2,1,0.6325834140777129
product,product,1.0,20561514,5,fixed,0.05,512,fixed_density,4.0,2,1,0.6696260741522339
product,product,1.0,20561531,6,fixed,0.05,512,fixed_density,4.0,2,1,0.6587134430957168
product,product,1.0,20561548,7,fixed,0.05,512,fixed_density,4.0,2,1,0.6789605408458552
product,product,1.0,20561565,8,fixed,0.05,512,fixed_density,4.0,2,1,0.6339821765069542
product,product,1.0,20561582,9,fixed,0.05,512,fixed_density,4.0,2,1,0.6638880966522488
product,product,2.0,20562429,0,fixed,0.05,1024,fixed_density,4.0,2,1,1.9241025323264282
product,product,2.0,20562446,1,fixed,0.05,1024,fixed_density,4.0,2,1,1.9243319440292939
product,product,2.0,20562463,2,fixed,0.05,1024,fixed_density,4.0,2,1,1.8566227502103185
product,product,2.0,20562480,3,fixed,0.05,1024,fixed_density,4.0,2,1,1.9280417997155843
product,product,2.0,20562497,4,fixed,0.05,1024,fixed_density,4.0,2,1,1.8997320852930604
product,product,2.0,20562514,5,fixed,0.05,1024,fixed_density,4.0,2,1,1.9772095568303525
product,product,2.0,20562531,6,fixed,0.05,1024,fixed_density,4.0,2,1,1.878511681366078
product,product,2.0,20562548,7,fixed,0.05,1024,fixed_density,4.0,2,1,1.9021125372279621
product,product,2.0,20562565,8,fixed,0.05,1024,fixed_density,4.0,2,1,1.8911004343622269
product,product,2.0,20562582,9,fixed,0.05,1024,fixed_density,4.0,2,1,1.9599770572887996
product,product,4.0,20563429,0,fixed,0.05,4096,fixed_density,4.0,2,1,3.2948185469094735
product,product,4.0,20563446,1,fixed,0.05,4096,fixed_density,4.0,2,1,3.2893153984640886
product,product,4.0,20563463,2,fixed,0.05,4096,fixed_density,4.0,2,1,3.2663597682350343
product,product,4.0,20563480,3,fixed,0.05,4096,fixed_density,4.0,2,1,3.280296704096421
product,product,4.0,20563497,4,fixed,0.05,4096,fixed_density,4.0,2,1,3.286217690851093
product,product,4.0,20563514,5,fixed,0.05,4096,fixed_density,4.0,2,1,3.280753677368409
product,product,4.0,20563531,6,fixed,0.05,4096,fixed_density,4.0,2,1,3.284943095027729
product,product,4.0,20563548,7,fixed,0.05,4096,fixed_density,4.0,2,1,3.2776284330584033
product,product,4.0,20563565,8,fixed,0.05,4096,fixed_density,4.0,2,1,3.292681120392917
product,product,4.0,20563582,9,fixed,0.05,4096,fixed_density,4.0,2,1,3.2713234379367755
product,product,8.0,20564429,0,fixed,0.05,16384,fixed_density,4.0,2,1,4.6692708034922425
product,product,8.0,20564446,1,fixed,0.05,16384,fixed_density,4.0,2,1,4.674669579454483
product,product,8.0,20564463,2,fixed,0.05,16384,fixed_density,4.0,2,1,4.663358519625437
product,product,8.0,20564480,3,fixed,0.05,16384,fixed_density,4.0,2,1,4.670646632159935
product,product,8.0,20564497,4,fixed,0.05,16384,fixed_density,4.0,2,1,4.672902588731995
product,product,8.0,20564514,5,fixed,0.05,16384,fixed_density,4.0,2,1,4.6664756154586104
product,product,8.0,20564531,6,fixed,0.05,16384,fixed_density,4.0,2,1,4.657540794478862
product,product,8.0,20564548,7,fixed,0.05,16384,fixed_density,4.0,2,1,4.672117044162738
product,product,8.0,20564565,8,fixed,0.05,16384,fixed_density,4.0,2,1,4.67837343802654
product,product,8.0,20564582,9,fixed,0.05,16384,fixed_density,4.0,2,1,4.673091320078877
product,product,12.0,20565429,0,fixed,0.05,36864,fixed_density,4.0,2,1,5.4808814022486345
product,product,12.0,20565446,1,fixed,0.05,36864,fixed_density,4.0,2,1,5.476479122692889
product,product,12.0,20565463,2,fixed,0.05,36864,fixed_density,4.0,2,1,5.4794218473966705
product,product,12.0,20565480,3,fixed,0.05,36864,fixed_density,4.0,2,1,5.490864284954122
product,product,12.0,20565497,4,fixed,0.05,36864,fixed_density,4.0,2,1,5.488373119759185
product,product,12.0,20565514,5,fixed,0.05,36864,fixed_density,4.0,2,1,5.489541367183176
product,product,12.0,20565531,6,fixed,0.05,36864,fixed_density,4.0,2,1,5.480599984402879
product,product,12.0,20565548,7,fixed,0.05,36864,fixed_density,4.0,2,1,5.48303507414342
product,product,12.0,20565565,8,fixed,0.05,36864,fixed_density,4.0,2,1,5.482121058385788
product,product,12.0,20565582,9,fixed,0.05,36864,fixed_density,4.0,2,1,5.4869456525697355
product,product,16.0,20566429,0,fixed,0.05,65536,fixed_density,4.0,2,1,6.058919580971838
product,product,16.0,20566446,1,fixed,0.05,65536,fixed_density,4.0,2,1,6.057569278553968
product,product,16.0,20566463,2,fixed,0.05,65536,fixed_density,4.0,2,1,6.063008171446784
product,product,16.0,20566480,3,fixed,0.05,65536,fixed_density,4.0,2,1,6.049217412852496
product,product,16.0,20566497,4,fixed,0.05,65536,fixed_density,4.0,2,1,6.04904224641751
product,product,16.0,20566514,5,fixed,0.05,65536,fixed_density,4.0,2,1,6.065076814132389
product,product,16.0,20566531,6,fixed,0.05,65536,fixed_density,4.0,2,1,6.056229306102474
product,product,16.0,20566548,7,fixed,0.05,65536,fixed_density,4.0,2,1,6.052958483422836
product,product,16.0,20566565,8,fixed,0.05,65536,fixed_density,4.0,2,1,6.064439621200486
product,product,16.0,20566582,9,fixed,0.05,65536,fixed_density,4.0,2,1,6.061908893077761
product,product,0.5,20560429,0,scaled_with_l,0.025,512,fixed_density,4.0,2,1,0.27721621390050244
product,product,0.5,20560446,1,scaled_with_l,0.025,512,fixed_density,4.0,2,1,0.2781457430330668
product,product,0.5,20560463,2,scaled_with_l,0.025,512,fixed_density,4.0,2,1,0.28556954051924566
product,product,0.5,20560480,3,scaled_with_l,0.025,512,fixed_density,4.0,2,1,0.25932756804722706
product,product,0.5,20560497,4,scaled_with_l,0.025,512,fixed_density,4.0,2,1,0.2835494667740015
product,product,0.5,20560514,5,scaled_with_l,0.025,512,fixed_density,4.0,2,1,0.32136951600218855
product,product,0.5,20560531,6,scaled_with_l,0.025,512,fixed_density,4.0,2,1,0.21944970532610908
product,product,0.5,20560548,7,scaled_with_l,0.025,512,fixed_density,4.0,2,1,0.2706733305362037
product,product,0.5,20560565,8,scaled_with_l,0.025,512,fixed_density,4.0,2,1,0.29132214515383714
product,product,0.5,20560582,9,scaled_with_l,0.025,512,fixed_density,4.0,2,1,0.288964773480355
product,product,1.0,20561429,0,scaled_with_l,0.05,512,fixed_density,4.0,2,1,0.6496441419408333
product,product,1.0,20561446,1,scaled_with_l,0.05,512,fixed_density,4.0,2,1,0.6905838686816391
product,product,1.0,20561463,2,scaled_with_l,0.05,512,fixed_density,4.0,2,1,0.6317119365220945
product,product,1.0,20561480,3,scaled_with_l,0.05,512,fixed_density,4.0,2,1,0.6723706085512134
product,product,1.0,20561497,4,scaled_with_l,0.05,512,fixed_density,4.0,2,1,0.6325834140777129
product,product,1.0,20561514,5,scaled_with_l,0.05,512,fixed_density,4.0,2,1,0.6696260741522339
product,product,1.0,20561531,6,scaled_with_l,0.05,512,fixed_density,4.0,2,1,0.6587134430957168
product,product,1.0,20561548,7,scaled_with_l,0.05,512,fixed_density,4.0,2,1,0.6789605408458552
product,product,1.0,20561565,8,scaled_with_l,0.05,512,fixed_density,4.0,2,1,0.6339821765069542
product,product,1.0,20561582,9,scaled_with_l,0.05,512,fixed_density,4.0,2,1,0.6638880966522488
product,product,2.0,20562429,0,scaled_with_l,0.1,1024,fixed_density,4.0,2,1,1.256257245977137
product,product,2.0,20562446,1,scaled_with_l,0.1,1024,fixed_density,4.0,2,1,1.2602858497880107
product,product,2.0,20562463,2,scaled_with_l,0.1,1024,fixed_density,4.0,2,1,1.1991284191373814
product,product,2.0,20562480,3,scaled_with_l,0.1,1024,fixed_density,4.0,2,1,1.2654549330661968
product,product,2.0,20562497,4,scaled_with_l,0.1,1024,fixed_density,4.0,2,1,1.240454200161177
product,product,2.0,20562514,5,scaled_with_l,0.1,1024,fixed_density,4.0,2,1,1.3114055441839403
product,product,2.0,20562531,6,scaled_with_l,0.1,1024,fixed_density,4.0,2,1,1.2193340030688589
product,product,2.0,20562548,7,scaled_with_l,0.1,1024,fixed_density,4.0,2,1,1.2352673083994883
product,product,2.0,20562565,8,scaled_with_l,0.1,1024,fixed_density,4.0,2,1,1.2298134403986323
product,product,2.0,20562582,9,scaled_with_l,0.1,1024,fixed_density,4.0,2,1,1.296646526103899
product,product,4.0,20563429,0,scaled_with_l,0.2,4096,fixed_density,4.0,2,1,1.920417258086211
product,product,4.0,20563446,1,scaled_with_l,0.2,4096,fixed_density,4.0,2,1,1.9151442048872465
product,product,4.0,20563463,2,scaled_with_l,0.2,4096,fixed_density,4.0,2,1,1.890391624627359
product,product,4.0,20563480,3,scaled_with_l,0.2,4096,fixed_density,4.0,2,1,1.9025887670182435
product,product,4.0,20563497,4,scaled_with_l,0.2,4096,fixed_density,4.0,2,1,1.910212156404691
product,product,4.0,20563514,5,scaled_with_l,0.2,4096,fixed_density,4.0,2,1,1.9095710650759403
product,product,4.0,20563531,6,scaled_with_l,0.2,4096,fixed_density,4.0,2,1,1.909256255547429
product,product,4.0,20563548,7,scaled_with_l,0.2,4096,fixed_density,4.0,2,1,1.9027873458644686
product,product,4.0,20563565,8,scaled_with_l,0.2,4096,fixed_density,4.0,2,1,1.9175295605195215
product,product,4.0,20563582,9,scaled_with_l,0.2,4096,fixed_density,4.0,2,1,1.8971960513790942
product,product,8.0,20564429,0,scaled_with_l,0.4,16384,fixed_density,4.0,2,1,2.5936099169724187
product,product,8.0,20564446,1,scaled_with_l,0.4,16384,fixed_density,4.0,2,1,2.598448417008595
product,product,8.0,20564463,2,scaled_with_l,0.4,16384,fixed_density,4.0,2,1,2.5865610140692024
product,product,8.0,20564480,3,scaled_with_l,0.4,16384,fixed_density,4.0,2,1,2.593894410703966
product,product,8.0,20564497,4,scaled_with_l,0.4,16384,fixed_density,4.0,2,1,2.5959895980079297
product,product,8.0,20564514,5,scaled_with_l,0.4,16384,fixed_density,4.0,2,1,2.590135719648381
product,product,8.0,20564531,6,scaled_with_l,0.4,16384,fixed_density,4.0,2,1,2.580794034760241
product,product,8.0,20564548,7,scaled_with_l,0.4,16384,fixed_density,4.0,2,1,2.5957558483700005
product,product,8.0,20564565,8,scaled_with_l,0.4,16384,fixed_density,4.0,2,1,2.6015879384457135
product,product,8.0,20564582,9,scaled_with_l,0.4,16384,fixed_density,4.0,2,1,2.5962700327548025
product,product,12.0,20565429,0,scaled_with_l,0.6000000000000001,36864,fixed_density,4.0,2,1,2.997169152822656
product,product,12.0,20565446,1,scaled_with_l,0.6000000000000001,36864,fixed_density,4.0,2,1,2.9926827200241686
product,product,12.0,20565463,2,scaled_with_l,0.6000000000000001,36864,fixed_density,4.0,2,1,2.9961018810624056
product,product,12.0,20565480,3,scaled_with_l,0.6000000000000001,36864,fixed_density,4.0,2,1,3.0075969317040423
product,product,12.0,20565497,4,scaled_with_l,0.6000000000000001,36864,fixed_density,4.0,2,1,3.004673761281656
product,product,12.0,20565514,5,scaled_with_l,0.6000000000000001,36864,fixed_density,4.0,2,1,3.005859817881629
product,product,12.0,20565531,6,scaled_with_l,0.6000000000000001,36864,fixed_density,4.0,2,1,2.9970579229750336
product,product,12.0,20565548,7,scaled_with_l,0.6000000000000001,36864,fixed_density,4.0,2,1,2.999363628071725
product,product,12.0,20565565,8,scaled_with_l,0.6000000000000001,36864,fixed_density,4.0,2,1,2.9987875485097324
product,product,12.0,20565582,9,scaled_with_l,0.6000000000000001,36864,fixed_density,4.0,2,1,3.003170704381377
product,product,16.0,20566429,0,scaled_with_l,0.8,65536,fixed_density,4.0,2,1,3.2871512558620535
product,product,16.0,20566446,1,scaled_with_l,0.8,65536,fixed_density,4.0,2,1,3.285859687045112
product,product,16.0,20566463,2,scaled_with_l,0.8,65536,fixed_density,4.0,2,1,3.2910707285896263
product,product,16.0,20566480,3,scaled_with_l,0.8,65536,fixed_density,4.0,2,1,3.277168459462997
product,product,16.0,20566497,4,scaled_with_l,0.8,65536,fixed_density,4.0,2,1,3.277042228090135
product,product,16.0,20566514,5,scaled_with_l,0.8,65536,fixed_density,4.0,2,1,3.2932346943391364
product,product,16.0,20566531,6,scaled_with_l,0.8,65536,fixed_density,4.0,2,1,3.2844883526700994
product,product,16.0,20566548,7,scaled_with_l,0.8,65536,fixed_density,4.0,2,1,3.281000882629594
product,product,16.0,20566565,8,scaled_with_l,0.8,65536,fixed_density,4.0,2,1,3.292487928854043
product,product,16.0,20566582,9,scaled_with_l,0.8,65536,fixed_density,4.0,2,1,3.2899179887665175
tanh,tanh,0.5,20660429,0,fixed,0.05,512,fixed_density,4.0,1,1,1.0568930335876803
tanh,tanh,0.5,20660446,1,fixed,0.05,512,fixed_density,4.0,1,1,1.0915845495100518
tanh,tanh,0.5,20660463,2,fixed,0.05,512,fixed_density,4.0,1,1,1.1021085095640868
tanh,tanh,0.5,20660480,3,fixed,0.05,512,fixed_density,4.0,1,1,1.1252725583545689
tanh,tanh,0.5,20660497,4,fixed,0.05,512,fixed_density,4.0,1,1,1.1205526320931727
tanh,tanh,0.5,20660514,5,fixed,0.05,512,fixed_density,4.0,1,1,1.1118164259544345
tanh,tanh,0.5,20660531,6,fixed,0.05,512,fixed_density,4.0,1,1,1.0759946993793634
tanh,tanh,0.5,20660548,7,fixed,0.05,512,fixed_density,4.0,1,1,1.1097471150578986
tanh,tanh,0.5,20660565,8,fixed,0.05,512,fixed_density,4.0,1,1,1.0977027998355389
tanh,tanh,0.5,20660582,9,fixed,0.05,512,fixed_density,4.0,1,1,1.1298870858084502
tanh,tanh,1.0,20661429,0,fixed,0.05,1024,fixed_density,4.0,1,1,1.7176062209951166
tanh,tanh,1.0,20661446,1,fixed,0.05,1024,fixed_density,4.0,1,1,1.7197811867816146
tanh,tanh,1.0,20661463,2,fixed,0.05,1024,fixed_density,4.0,1,1,1.7138847993389816
tanh,tanh,1.0,20661480,3,fixed,0.05,1024,fixed_density,4.0,1,1,1.7142955834631364
tanh,tanh,1.0,20661497,4,fixed,0.05,1024,fixed_density,4.0,1,1,1.712750088972597
tanh,tanh,1.0,20661514,5,fixed,0.05,1024,fixed_density,4.0,1,1,1.7122385569291572
tanh,tanh,1.0,20661531,6,fixed,0.05,1024,fixed_density,4.0,1,1,1.7262934335205342
tanh,tanh,1.0,20661548,7,fixed,0.05,1024,fixed_density,4.0,1,1,1.74662152098765
tanh,tanh,1.0,20661565,8,fixed,0.05,1024,fixed_density,4.0,1,1,1.7285047600492984
tanh,tanh,1.0,20661582,9,fixed,0.05,1024,fixed_density,4.0,1,1,1.7264322809711459
tanh,tanh,2.0,20662429,0,fixed,0.05,2048,fixed_density,4.0,1,1,2.282454035893367
tanh,tanh,2.0,20662446,1,fixed,0.05,2048,fixed_density,4.0,1,1,2.271325482628045
tanh,tanh,2.0,20662463,2,fixed,0.05,2048,fixed_density,4.0,1,1,2.2820410686567643
tanh,tanh,2.0,20662480,3,fixed,0.05,2048,fixed_density,4.0,1,1,2.2716255305165016
tanh,tanh,2.0,20662497,4,fixed,0.05,2048,fixed_density,4.0,1,1,2.2700263486019594
tanh,tanh,2.0,20662514,5,fixed,0.05,2048,fixed_density,4.0,1,1,2.2839438914585495
tanh,tanh,2.0,20662531,6,fixed,0.05,2048,fixed_density,4.0,1,1,2.259130261406054
tanh,tanh,2.0,20662548,7,fixed,0.05,2048,fixed_density,4.0,1,1,2.300162852790132
tanh,tanh,2.0,20662565,8,fixed,0.05,2048,fixed_density,4.0,1,1,2.288143005243117
tanh,tanh,2.0,20662582,9,fixed,0.05,2048,fixed_density,4.0,1,1,2.2699708458772285
tanh,tanh,4.0,20663429,0,fixed,0.05,4096,fixed_density,4.0,1,1,2.5239776461323915
tanh,tanh,4.0,20663446,1,fixed,0.05,4096,fixed_density,4.0,1,1,2.49184785740098
tanh,tanh,4.0,20663463,2,fixed,0.05,4096,fixed_density,4.0,1,1,2.5345510860686593
tanh,tanh,4.0,20663480,3,fixed,0.05,4096,fixed_density,4.0,1,1,2.5027010394349936
tanh,tanh,4.0,20663497,4,fixed,0.05,4096,fixed_density,4.0,1,1,2.5154136120336057
tanh,tanh,4.0,20663514,5,fixed,0.05,4096,fixed_density,4.0,1,1,2.508482566375231
tanh,tanh,4.0,20663531,6,fixed,0.05,4096,fixed_density,4.0,1,1,2.5230122921336586
tanh,tanh,4.0,20663548,7,fixed,0.05,4096,fixed_density,4.0,1,1,2.5194142895871585
tanh,tanh,4.0,20663565,8,fixed,0.05,4096,fixed_density,4.0,1,1,2.5194761723666494
tanh,tanh,4.0,20663582,9,fixed,0.05,4096,fixed_density,4.0,1,1,2.505076464023375
tanh,tanh,8.0,20664429,0,fixed,0.05,8192,fixed_density,4.0,1,1,1.9090114671973726
tanh,tanh,8.0,20664446,1,fixed,0.05,8192,fixed_density,4.0,1,1,1.908072141345239
tanh,tanh,8.0,20664463,2,fixed,0.05,8192,fixed_density,4.0,1,1,1.9142359767562285
tanh,tanh,8.0,20664480,3,fixed,0.05,8192,fixed_density,4.0,1,1,1.9067626490715042
tanh,tanh,8.0,20664497,4,fixed,0.05,8192,fixed_density,4.0,1,1,1.8908445719509572
tanh,tanh,8.0,20664514,5,fixed,0.05,8192,fixed_density,4.0,1,1,1.9020604688422877
tanh,tanh,8.0,20664531,6,fixed,0.05,8192,fixed_density,4.0,1,1,1.9051366172053517
tanh,tanh,8.0,20664548,7,fixed,0.05,8192,fixed_density,4.0,1,1,1.897954903787772
tanh,tanh,8.0,20664565,8,fixed,0.05,8192,fixed_density,4.0,1,1,1.9038589027945152
tanh,tanh,8.0,20664582,9,fixed,0.05,8192,fixed_density,4.0,1,1,1.9100656420872866
tanh,tanh,12.0,20665429,0,fixed,0.05,12288,fixed_density,4.0,1,1,1.5691637264128186
tanh,tanh,12.0,20665446,1,fixed,0.05,12288,fixed_density,4.0,1,1,1.5728012815691388
tanh,tanh,12.0,20665463,2,fixed,0.05,12288,fixed_density,4.0,1,1,1.5749491561499802
tanh,tanh,12.0,20665480,3,fixed,0.05,12288,fixed_density,4.0,1,1,1.572607703438032
tanh,tanh,12.0,20665497,4,fixed,0.05,12288,fixed_density,4.0,1,1,1.5636155280417192
tanh,tanh,12.0,20665514,5,fixed,0.05,12288,fixed_density,4.0,1,1,1.5684654243800873
tanh,tanh,12.0,20665531,6,fixed,0.05,12288,fixed_density,4.0,1,1,1.5667547697695055
tanh,tanh,12.0,20665548,7,fixed,0.05,12288,fixed_density,4.0,1,1,1.5641884028446424
tanh,tanh,12.0,20665565,8,fixed,0.05,12288,fixed_density,4.0,1,1,1.5660773549825129
tanh,tanh,12.0,20665582,9,fixed,0.05,12288,fixed_density,4.0,1,1,1.570588757854279
tanh,tanh,16.0,20666429,0,fixed,0.05,16384,fixed_density,4.0,1,1,1.4078498133451323
tanh,tanh,16.0,20666446,1,fixed,0.05,16384,fixed_density,4.0,1,1,1.408279223408854
tanh,tanh,16.0,20666463,2,fixed,0.05,16384,fixed_density,4.0,1,1,1.4018538849586792
tanh,tanh,16.0,20666480,3,fixed,0.05,16384,fixed_density,4.0,1,1,1.4083972205431545
tanh,tanh,16.0,20666497,4,fixed,0.05,16384,fixed_density,4.0,1,1,1.407313049065214
tanh,tanh,16.0,20666514,5,fixed,0.05,16384,fixed_density,4.0,1,1,1.414148444524372
tanh,tanh,16.0,20666531,6,fixed,0.05,16384,fixed_density,4.0,1,1,1.3976204876288811
tanh,tanh,16.0,20666548,7,fixed,0.05,16384,fixed_density,4.0,1,1,1.4110972013792522
tanh,tanh,16.0,20666565,8,fixed,0.05,16384,fixed_density,4.0,1,1,1.40591263019726
tanh,tanh,16.0,20666582,9,fixed,0.05,16384,fixed_density,4.0,1,1,1.3980012457704445
tanh,tanh,0.5,20660429,0,scaled_with_l,0.025,512,fixed_density,4.0,1,1,1.6947097052879163
tanh,tanh,0.5,20660446,1,scaled_with_l,0.025,512,fixed_density,4.0,1,1,1.7422774423142338
tanh,tanh,0.5,20660463,2,scaled_with_l,0.025,512,fixed_density,4.0,1,1,1.7563273579038845
tanh,tanh,0.5,20660480,3,scaled_with_l,0.025,512,fixed_density,4.0,1,1,1.783081896451684
tanh,tanh,0.5,20660497,4,scaled_with_l,0.025,512,fixed_density,4.0,1,1,1.7711429698317311
tanh,tanh,0.5,20660514,5,scaled_with_l,0.025,512,fixed_density,4.0,1,1,1.7493961605595856
tanh,tanh,0.5,20660531,6,scaled_with_l,0.025,512,fixed_density,4.0,1,1,1.7254892834134847
tanh,tanh,0.5,20660548,7,scaled_with_l,0.025,512,fixed_density,4.0,1,1,1.7584859287690051
tanh,tanh,0.5,20660565,8,scaled_with_l,0.025,512,fixed_density,4.0,1,1,1.7448440001278422
tanh,tanh,0.5,20660582,9,scaled_with_l,0.025,512,fixed_density,4.0,1,1,1.7809494234977858
tanh,tanh,1.0,20661429,0,scaled_with_l,0.05,1024,fixed_density,4.0,1,1,1.7176062209951166
tanh,tanh,1.0,20661446,1,scaled_with_l,0.05,1024,fixed_density,4.0,1,1,1.7197811867816146
tanh,tanh,1.0,20661463,2,scaled_with_l,0.05,1024,fixed_density,4.0,1,1,1.7138847993389816
tanh,tanh,1.0,20661480,3,scaled_with_l,0.05,1024,fixed_density,4.0,1,1,1.7142955834631364
tanh,tanh,1.0,20661497,4,scaled_with_l,0.05,1024,fixed_density,4.0,1,1,1.712750088972597
tanh,tanh,1.0,20661514,5,scaled_with_l,0.05,1024,fixed_density,4.0,1,1,1.7122385569291572
tanh,tanh,1.0,20661531,6,scaled_with_l,0.05,1024,fixed_density,4.0,1,1,1.7262934335205342
tanh,tanh,1.0,20661548,7,scaled_with_l,0.05,1024,fixed_density,4.0,1,1,1.74662152098765
tanh,tanh,1.0,20661565,8,scaled_with_l,0.05,1024,fixed_density,4.0,1,1,1.7285047600492984
tanh,tanh,1.0,20661582,9,scaled_with_l,0.05,1024,fixed_density,4.0,1,1,1.7264322809711459
tanh,tanh,2.0,20662429,0,scaled_with_l,0.1,2048,fixed_density,4.0,1,1,1.6034162031807526
tanh,tanh,2.0,20662446,1,scaled_with_l,0.1,2048,fixed_density,4.0,1,1,1.5959013037301557
tanh,tanh,2.0,20662463,2,scaled_with_l,0.1,2048,fixed_density,4.0,1,1,1.605519047691919
tanh,tanh,2.0,20662480,3,scaled_with_l,0.1,2048,fixed_density,4.0,1,1,1.5961530899748602
tanh,tanh,2.0,20662497,4,scaled_with_l,0.1,2048,fixed_density,4.0,1,1,1.595921869711856
tanh,tanh,2.0,20662514,5,scaled_with_l,0.1,2048,fixed_density,4.0,1,1,1.6083983814730254
tanh,tanh,2.0,20662531,6,scaled_with_l,0.1,2048,fixed_density,4.0,1,1,1.5844399101677946
tanh,tanh,2.0,20662548,7,scaled_with_l,0.1,2048,fixed_density,4.0,1,1,1.6213851260167167
tanh,tanh,2.0,20662565,8,scaled_with_l,0.1,2048,fixed_density,4.0,1,1,1.6130277873093184
tanh,tanh,2.0,20662582,9,scaled_with_l,0.1,2048,fixed_density,4.0,1,1,1.5917574609080412
tanh,tanh,4.0,20663429,0,scaled_with_l,0.2,4096,fixed_density,4.0,1,1,1.3196789253916088
tanh,tanh,4.0,20663446,1,scaled_with_l,0.2,4096,fixed_density,4.0,1,1,1.2869509964788408
tanh,tanh,4.0,20663463,2,scaled_with_l,0.2,4096,fixed_density,4.0,1,1,1.3123470934844201
tanh,tanh,4.0,20663480,3,scaled_with_l,0.2,4096,fixed_density,4.0,1,1,1.296572374483044
tanh,tanh,4.0,20663497,4,scaled_with_l,0.2,4096,fixed_density,4.0,1,1,1.3118461905918335
tanh,tanh,4.0,20663514,5,scaled_with_l,0.2,4096,fixed_density,4.0,1,1,1.3045568965495093
tanh,tanh,4.0,20663531,6,scaled_with_l,0.2,4096,fixed_density,4.0,1,1,1.3200293138699037
tanh,tanh,4.0,20663548,7,scaled_with_l,0.2,4096,fixed_density,4.0,1,1,1.312964537632493
tanh,tanh,4.0,20663565,8,scaled_with_l,0.2,4096,fixed_density,4.0,1,1,1.3152303501690499
tanh,tanh,4.0,20663582,9,scaled_with_l,0.2,4096,fixed_density,4.0,1,1,1.2966099140569503
tanh,tanh,8.0,20664429,0,scaled_with_l,0.4,8192,fixed_density,4.0,1,1,0.8291031528820074
tanh,tanh,8.0,20664446,1,scaled_with_l,0.4,8192,fixed_density,4.0,1,1,0.8171900696173954
tanh,tanh,8.0,20664463,2,scaled_with_l,0.4,8192,fixed_density,4.0,1,1,0.8387009244261172
tanh,tanh,8.0,20664480,3,scaled_with_l,0.4,8192,fixed_density,4.0,1,1,0.8328282673886601
tanh,tanh,8.0,20664497,4,scaled_with_l,0.4,8192,fixed_density,4.0,1,1,0.8198216386110837
tanh,tanh,8.0,20664514,5,scaled_with_l,0.4,8192,fixed_density,4.0,1,1,0.8346199042867029
tanh,tanh,8.0,20664531,6,scaled_with_l,0.4,8192,fixed_density,4.0,1,1,0.835383180773809
tanh,tanh,8.0,20664548,7,scaled_with_l,0.4,8192,fixed_density,4.0,1,1,0.8278349931974284
tanh,tanh,8.0,20664565,8,scaled_with_l,0.4,8192,fixed_density,4.0,1,1,0.8246213875426356
tanh,tanh,8.0,20664582,9,scaled_with_l,0.4,8192,fixed_density,4.0,1,1,0.8305168252717974
tanh,tanh,12.0,20665429,0,scaled_with_l,0.6000000000000001,12288,fixed_density,4.0,1,1,0.5514533625471947
tanh,tanh,12.0,20665446,1,scaled_with_l,0.6000000000000001,12288,fixed_density,4.0,1,1,0.561914393240113
tanh,tanh,12.0,20665463,2,scaled_with_l,0.6000000000000001,12288,fixed_density,4.0,1,1,0.5580561471652072
tanh,tanh,12.0,20665480,3,scaled_with_l,0.6000000000000001,12288,fixed_density,4.0,1,1,0.5485657640942475
tanh,tanh,12.0,20665497,4,scaled_with_l,0.6000000000000001,12288,fixed_density,4.0,1,1,0.5509981835496429
tanh,tanh,12.0,20665514,5,scaled_with_l,0.6000000000000001,12288,fixed_density,4.0,1,1,0.5593918116302489
tanh,tanh,12.0,20665531,6,scaled_with_l,0.6000000000000001,12288,fixed_density,4.0,1,1,0.5417831659984883
tanh,tanh,12.0,20665548,7,scaled_with_l,0.6000000000000001,12288,fixed_density,4.0,1,1,0.5537953537169985
tanh,tanh,12.0,20665565,8,scaled_with_l,0.6000000000000001,12288,fixed_density,4.0,1,1,0.5571833927157724
tanh,tanh,12.0,20665582,9,scaled_with_l,0.6000000000000001,12288,fixed_density,4.0,1,1,0.5529220401452316
tanh,tanh,16.0,20666429,0,scaled_with_l,0.8,16384,fixed_density,4.0,1,1,0.3996337409298132
tanh,tanh,16.0,20666446,1,scaled_with_l,0.8,16384,fixed_density,4.0,1,1,0.3984423459206631
tanh,tanh,16.0,20666463,2,scaled_with_l,0.8,16384,fixed_density,4.0,1,1,0.3991742742134055
tanh,tanh,16.0,20666480,3,scaled_with_l,0.8,16384,fixed_density,4.0,1,1,0.3942272470270287
tanh,tanh,16.0,20666497,4,scaled_with_l,0.8,16384,fixed_density,4.0,1,1,0.40150533724462234
tanh,tanh,16.0,20666514,5,scaled_with_l,0.8,16384,fixed_density,4.0,1,1,0.3982857681311711
tanh,tanh,16.0,20666531,6,scaled_with_l,0.8,16384,fixed_density,4.0,1,1,0.3852579286852693
tanh,tanh,16.0,20666548,7,scaled_with_l,0.8,16384,fixed_density,4.0,1,1,0.39774327210978005
tanh,tanh,16.0,20666565,8,scaled_with_l,0.8,16384,fixed_density,4.0,1,1,0.38875762389693247
tanh,tanh,16.0,20666582,9,scaled_with_l,0.8,16384,fixed_density,4.0,1,1,0.38826885255605825
