source,target,source_index,target_index,direct_effect,raw_ei
component_01,component_02,0,1,0.041841259796131916,0.041841259796131916
component_01,component_18,0,17,0.0413134472549511,0.0413134472549511
component_01,component_22,0,21,0.059231150685309306,0.059231150685309306
component_01,component_23,0,22,0.032914984538000555,0.032914984538000555
component_01,component_31,0,30,0.054053730297609064,0.054053730297609064
component_02,component_09,1,8,0.05911528841464599,0.05911528841464599
component_02,component_16,1,15,0.05234534987085365,0.05234534987085365
component_02,component_38,1,37,0.034973124857819435,0.034973124857819435
component_02,component_52,1,51,0.05073221345814997,0.05073221345814997
component_02,component_54,1,53,0.03845732139768768,0.03845732139768768
component_03,component_10,2,9,0.037179735341267714,0.037179735341267714
component_03,component_14,2,13,0.036048885046466486,0.036048885046466486
component_03,component_20,2,19,0.04121074980754415,0.04121074980754415
component_03,component_43,2,42,0.08832973976901257,0.08832973976901257
component_03,component_60,2,59,0.056127514928303875,0.056127514928303875
component_04,component_03,3,2,0.044731381529067145,0.044731381529067145
component_04,component_30,3,29,0.03946456244842732,0.03946456244842732
component_04,component_44,3,43,0.04623132252385275,0.04623132252385275
component_04,component_46,3,45,0.03495646680912757,0.03495646680912757
component_04,component_55,3,54,0.05411264665096791,0.05411264665096791
component_05,component_26,4,25,0.05721227373079842,0.05721227373079842
component_05,component_31,4,30,0.04018273199715727,0.04018273199715727
component_05,component_39,4,38,0.03676121447257549,0.03676121447257549
component_05,component_40,4,39,0.09779241366978475,0.09779241366978475
component_05,component_54,4,53,0.05291758564539857,0.05291758564539857
component_06,component_21,5,20,0.013990616495737278,0.013990616495737278
component_06,component_37,5,36,0.025389934242710945,0.025389934242710945
component_06,component_41,5,40,0.018635693304455282,0.018635693304455282
component_06,component_56,5,55,0.061774163823633765,0.061774163823633765
component_06,component_59,5,58,0.014651676075865185,0.014651676075865185
component_07,component_03,6,2,0.05229738134888236,0.05229738134888236
component_07,component_11,6,10,0.04825487591530017,0.04825487591530017
component_07,component_22,6,21,0.029591691103472047,0.029591691103472047
component_07,component_23,6,22,0.029294993990634073,0.029294993990634073
component_07,component_59,6,58,0.03442551408880709,0.03442551408880709
component_08,component_01,7,0,0.021377410101442642,0.021377410101442642
component_08,component_14,7,13,0.025661906664492622,0.025661906664492622
component_08,component_25,7,24,0.0340307523188629,0.0340307523188629
component_08,component_34,7,33,0.021623049545069682,0.021623049545069682
component_08,component_50,7,49,0.027045229074408362,0.027045229074408362
component_09,component_19,8,18,0.027996989361842767,0.027996989361842767
component_09,component_31,8,30,0.0154862543251553,0.0154862543251553
component_09,component_45,8,44,0.0299872171679603,0.0299872171679603
component_09,component_50,8,49,0.01745886366757361,0.01745886366757361
component_09,component_58,8,57,0.02408808745555909,0.02408808745555909
component_10,component_25,9,24,0.035448841536130794,0.035448841536130794
component_10,component_26,9,25,0.03336374027798775,0.03336374027798775
component_10,component_38,9,37,0.017821516458585263,0.017821516458585263
component_10,component_47,9,46,0.09547938700399355,0.09547938700399355
component_10,component_54,9,53,0.030144529463370238,0.030144529463370238
component_11,component_03,10,2,0.020361247065847757,0.020361247065847757
component_11,component_09,10,8,0.022014494120464308,0.022014494120464308
component_11,component_12,10,11,0.02624020144395047,0.02624020144395047
component_11,component_39,10,38,0.027927008732346253,0.027927008732346253
component_11,component_50,10,49,0.02685613660691294,0.02685613660691294
component_12,component_05,11,4,0.044700984736615934,0.044700984736615934
component_12,component_15,11,14,0.051032735204344926,0.051032735204344926
component_12,component_23,11,22,0.028512345830422302,0.028512345830422302
component_12,component_27,11,26,0.04669034862648329,0.04669034862648329
component_12,component_44,11,43,0.027308687681155144,0.027308687681155144
component_13,component_04,12,3,0.010259408027839274,0.010259408027839274
component_13,component_33,12,32,0.009800048185571137,0.009800048185571137
component_13,component_46,12,45,0.0142594762918988,0.0142594762918988
component_13,component_52,12,51,0.019426845455624127,0.019426845455624127
component_13,component_58,12,57,0.022292892874688365,0.022292892874688365
component_14,component_04,13,3,0.02189822534750059,0.02189822534750059
component_14,component_31,13,30,0.03906958002610867,0.03906958002610867
component_14,component_46,13,45,0.01628082816459225,0.01628082816459225
component_14,component_53,13,52,0.016697472658388612,0.016697472658388612
component_14,component_56,13,55,0.017991679216837524,0.017991679216837524
component_15,component_01,14,0,0.021887734521598826,0.021887734521598826
component_15,component_05,14,4,0.00971360659981076,0.00971360659981076
component_15,component_12,14,11,0.013458666694744785,0.013458666694744785
component_15,component_31,14,30,0.016747545198410013,0.016747545198410013
component_15,component_59,14,58,0.010029714281027148,0.010029714281027148
component_16,component_30,15,29,0.023021030574824485,0.023021030574824485
component_16,component_44,15,43,0.04065031845336061,0.04065031845336061
component_16,component_48,15,47,0.044059257931503254,0.044059257931503254
component_16,component_56,15,55,0.023247850393433446,0.023247850393433446
component_16,component_58,15,57,0.021880934113564468,0.021880934113564468
component_17,component_05,16,4,0.011405108464848115,0.011405108464848115
component_17,component_12,16,11,0.017414683000234712,0.017414683000234712
component_17,component_32,16,31,0.019766931690709064,0.019766931690709064
component_17,component_45,16,44,0.023154112054653706,0.023154112054653706
component_17,component_47,16,46,0.0266206512723366,0.0266206512723366
component_18,component_09,17,8,0.02035892870070522,0.02035892870070522
component_18,component_12,17,11,0.020547687184505878,0.020547687184505878
component_18,component_32,17,31,0.02758332877205229,0.02758332877205229
component_18,component_34,17,33,0.02301892285257867,0.02301892285257867
component_18,component_47,17,46,0.02095191593819959,0.02095191593819959
component_19,component_08,18,7,0.01885978737998034,0.01885978737998034
component_19,component_25,18,24,0.02808990442363548,0.02808990442363548
component_19,component_36,18,35,0.019417706015427937,0.019417706015427937
component_19,component_50,18,49,0.02234313270735943,0.02234313270735943
component_19,component_56,18,55,0.021698120414900553,0.021698120414900553
component_20,component_14,19,13,0.023890500142610842,0.023890500142610842
component_20,component_21,19,20,0.022314169963400875,0.022314169963400875
component_20,component_41,19,40,0.016962503707916955,0.016962503707916955
component_20,component_51,19,50,0.0332816154315172,0.0332816154315172
component_20,component_60,19,59,0.015783540306262094,0.015783540306262094
component_21,component_04,20,3,0.01749823309117278,0.01749823309117278
component_21,component_07,20,6,0.022573067051679725,0.022573067051679725
component_21,component_51,20,50,0.018638459729664898,0.018638459729664898
component_21,component_52,20,51,0.021884551557170947,0.021884551557170947
component_21,component_57,20,56,0.02108057355345115,0.02108057355345115
component_22,component_03,21,2,0.024462081317682162,0.024462081317682162
component_22,component_07,21,6,0.026714189271705012,0.026714189271705012
component_22,component_10,21,9,0.03758296031186998,0.03758296031186998
component_22,component_34,21,33,0.033123577742687434,0.033123577742687434
component_22,component_55,21,54,0.020021093497914418,0.020021093497914418
component_23,component_01,22,0,0.046326439972017554,0.046326439972017554
component_23,component_10,22,9,0.026196863716879563,0.026196863716879563
component_23,component_27,22,26,0.02435436600534404,0.02435436600534404
component_23,component_28,22,27,0.03582146842231684,0.03582146842231684
component_23,component_54,22,53,0.03188035663860532,0.03188035663860532
component_24,component_22,23,21,0.012771241135977895,0.012771241135977895
component_24,component_30,23,29,0.01824757010037674,0.01824757010037674
component_24,component_44,23,43,0.026095690995282497,0.026095690995282497
component_24,component_47,23,46,0.025409015149016535,0.025409015149016535
component_24,component_54,23,53,0.0318813924057502,0.0318813924057502
component_25,component_07,24,6,0.009194652226978885,0.009194652226978885
component_25,component_38,24,37,0.01242873287631329,0.01242873287631329
component_25,component_39,24,38,0.035007158420454765,0.035007158420454765
component_25,component_40,24,39,0.00885305747887372,0.00885305747887372
component_25,component_59,24,58,0.009445843574730873,0.009445843574730873
component_26,component_17,25,16,0.008237726661058355,0.008237726661058355
component_26,component_35,25,34,0.012210812788930025,0.012210812788930025
component_26,component_38,25,37,0.00539341071487583,0.00539341071487583
component_26,component_50,25,49,0.008337144887519549,0.008337144887519549
component_26,component_59,25,58,0.0072683074537644035,0.0072683074537644035
component_27,component_01,26,0,0.007228179604098854,0.007228179604098854
component_27,component_12,26,11,0.01873962405258736,0.01873962405258736
component_27,component_23,26,22,0.01046593712061439,0.01046593712061439
component_27,component_35,26,34,0.013931166134205124,0.013931166134205124
component_27,component_38,26,37,0.0093067389838103,0.0093067389838103
component_28,component_06,27,5,0.016111872128847585,0.016111872128847585
component_28,component_40,27,39,0.012939817322711262,0.012939817322711262
component_28,component_46,27,45,0.012366065142338428,0.012366065142338428
component_28,component_49,27,48,0.05253571979077202,0.05253571979077202
component_28,component_53,27,52,0.03071581087612943,0.03071581087612943
component_29,component_08,28,7,0.013591550647225819,0.013591550647225819
component_29,component_13,28,12,0.034582448583244274,0.034582448583244274
component_29,component_48,28,47,0.0384191426177418,0.0384191426177418
component_29,component_56,28,55,0.029590370644341626,0.029590370644341626
component_29,component_59,28,58,0.014159546696864929,0.014159546696864929
component_30,component_14,29,13,0.01350205063896656,0.01350205063896656
component_30,component_33,29,32,0.018509111951883848,0.018509111951883848
component_30,component_41,29,40,0.013852689558077096,0.013852689558077096
component_30,component_45,29,44,0.013794762841145603,0.013794762841145603
component_30,component_57,29,56,0.017057681021616894,0.017057681021616894
component_31,component_14,30,13,0.009694838066038271,0.009694838066038271
component_31,component_20,30,19,0.017626047289389362,0.017626047289389362
component_31,component_32,30,31,0.009427282451993223,0.009427282451993223
component_31,component_40,30,39,0.010745772009622529,0.010745772009622529
component_31,component_53,30,52,0.016371900808348112,0.016371900808348112
component_32,component_12,31,11,0.012017618173310252,0.012017618173310252
component_32,component_33,31,32,0.01114859358918565,0.01114859358918565
component_32,component_42,31,41,0.009490681133227203,0.009490681133227203
component_32,component_50,31,49,0.011068522355266515,0.011068522355266515
component_32,component_57,31,56,0.022705193985518728,0.022705193985518728
component_33,component_12,32,11,0.011314974464605927,0.011314974464605927
component_33,component_30,32,29,0.017064761630565375,0.017064761630565375
component_33,component_34,32,33,0.024140682066132648,0.024140682066132648
component_33,component_46,32,45,0.025329685105650507,0.025329685105650507
component_33,component_53,32,52,0.01642064050488649,0.01642064050488649
component_34,component_02,33,1,0.01763683248298292,0.01763683248298292
component_34,component_10,33,9,0.019422887881262348,0.019422887881262348
component_34,component_20,33,19,0.011898874584723624,0.011898874584723624
component_34,component_21,33,20,0.01739612895268299,0.01739612895268299
component_34,component_53,33,52,0.020443114531492758,0.020443114531492758
component_35,component_02,34,1,0.008986263939965662,0.008986263939965662
component_35,component_07,34,6,0.007937421154348229,0.007937421154348229
component_35,component_12,34,11,0.00955754625167484,0.00955754625167484
component_35,component_23,34,22,0.015021971448176158,0.015021971448176158
component_35,component_56,34,55,0.011456623723973361,0.011456623723973361
component_36,component_03,35,2,0.008182698611950777,0.008182698611950777
component_36,component_37,35,36,0.012529417702655133,0.012529417702655133
component_36,component_41,35,40,0.014057644021575035,0.014057644021575035
component_36,component_42,35,41,0.0068197925578188925,0.0068197925578188925
component_36,component_57,35,56,0.008010268153439627,0.008010268153439627
component_37,component_17,36,16,0.011264863915536813,0.011264863915536813
component_37,component_27,36,26,0.012843810361322561,0.012843810361322561
component_37,component_33,36,32,0.012064641841207546,0.012064641841207546
component_37,component_44,36,43,0.016432846109039813,0.016432846109039813
component_37,component_52,36,51,0.019043946431738533,0.019043946431738533
component_38,component_03,37,2,0.04305372253851268,0.04305372253851268
component_38,component_04,37,3,0.017500506003585655,0.017500506003585655
component_38,component_18,37,17,0.025579098735716097,0.025579098735716097
component_38,component_45,37,44,0.017967273979026997,0.017967273979026997
component_38,component_46,37,45,0.018621893505139347,0.018621893505139347
component_39,component_04,38,3,0.01099201107821957,0.01099201107821957
component_39,component_35,38,34,0.010041360567394969,0.010041360567394969
component_39,component_49,38,48,0.018029150271525293,0.018029150271525293
component_39,component_51,38,50,0.0145326332635685,0.0145326332635685
component_39,component_59,38,58,0.0138118899424973,0.0138118899424973
component_40,component_12,39,11,0.011481788049896843,0.011481788049896843
component_40,component_21,39,20,0.010650408075241459,0.010650408075241459
component_40,component_31,39,30,0.011384849180405922,0.011384849180405922
component_40,component_36,39,35,0.037602259479510194,0.037602259479510194
component_40,component_37,39,36,0.029297931500174373,0.029297931500174373
component_41,component_12,40,11,0.014834330514366228,0.014834330514366228
component_41,component_18,40,17,0.009479397116506473,0.009479397116506473
component_41,component_30,40,29,0.012213970752557902,0.012213970752557902
component_41,component_40,40,39,0.017006000115276136,0.017006000115276136
component_41,component_45,40,44,0.00950440508698149,0.00950440508698149
component_42,component_02,41,1,0.022710656915097,0.022710656915097
component_42,component_04,41,3,0.017031704644889584,0.017031704644889584
component_42,component_06,41,5,0.018630142674189124,0.018630142674189124
component_42,component_18,41,17,0.058761436421823535,0.058761436421823535
component_42,component_20,41,19,0.029970257446577515,0.029970257446577515
component_43,component_18,42,17,0.03368111415845559,0.03368111415845559
component_43,component_23,42,22,0.025034309138003155,0.025034309138003155
component_43,component_38,42,37,0.033508374334331424,0.033508374334331424
component_43,component_48,42,47,0.02715473936371796,0.02715473936371796
component_43,component_56,42,55,0.017151932859116353,0.017151932859116353
component_44,component_14,43,13,0.010182197053648527,0.010182197053648527
component_44,component_24,43,23,0.008780548522434156,0.008780548522434156
component_44,component_34,43,33,0.014802767186666597,0.014802767186666597
component_44,component_45,43,44,0.008223324878645345,0.008223324878645345
component_44,component_50,43,49,0.008844731240943546,0.008844731240943546
component_45,component_22,44,21,0.010300277165023426,0.010300277165023426
component_45,component_44,44,43,0.03256207675033722,0.03256207675033722
component_45,component_46,44,45,0.01362524419801079,0.01362524419801079
component_45,component_54,44,53,0.01613592331897168,0.01613592331897168
component_45,component_56,44,55,0.016411704559696882,0.016411704559696882
component_46,component_11,45,10,0.010813415439879376,0.010813415439879376
component_46,component_17,45,16,0.025875472347737537,0.025875472347737537
component_46,component_36,45,35,0.014361175566815178,0.014361175566815178
component_46,component_43,45,42,0.018262383294781283,0.018262383294781283
component_46,component_54,45,53,0.014854150458426914,0.014854150458426914
component_47,component_10,46,9,0.02040744977483981,0.02040744977483981
component_47,component_29,46,28,0.02184276265912231,0.02184276265912231
component_47,component_30,46,29,0.018729836009969143,0.018729836009969143
component_47,component_38,46,37,0.014777546617769236,0.014777546617769236
component_47,component_42,46,41,0.02046857270784945,0.02046857270784945
component_48,component_13,47,12,0.016001542159664955,0.016001542159664955
component_48,component_24,47,23,0.011523296437436575,0.011523296437436575
component_48,component_26,47,25,0.00893702425981747,0.00893702425981747
component_48,component_30,47,29,0.008117518024631395,0.008117518024631395
component_48,component_32,47,31,0.015423552632497325,0.015423552632497325
component_49,component_08,48,7,0.014329137493648104,0.014329137493648104
component_49,component_10,48,9,0.016911689060707363,0.016911689060707363
component_49,component_15,48,14,0.017364094303247618,0.017364094303247618
component_49,component_22,48,21,0.025625192693060295,0.025625192693060295
component_49,component_50,48,49,0.023574708946697547,0.023574708946697547
component_50,component_19,49,18,0.009091238365455731,0.009091238365455731
component_50,component_25,49,24,0.010778826106482932,0.010778826106482932
component_50,component_51,49,50,0.014397429111698104,0.014397429111698104
component_50,component_55,49,54,0.015442777189143365,0.015442777189143365
component_50,component_59,49,58,0.009968446955121318,0.009968446955121318
component_51,component_07,50,6,0.013679212363236704,0.013679212363236704
component_51,component_25,50,24,0.024345176167371113,0.024345176167371113
component_51,component_31,50,30,0.042794140735400374,0.042794140735400374
component_51,component_37,50,36,0.016001704542123157,0.016001704542123157
component_51,component_38,50,37,0.01455482651750108,0.01455482651750108
component_52,component_24,51,23,0.007553621937393306,0.007553621937393306
component_52,component_25,51,24,0.008621371608803607,0.008621371608803607
component_52,component_27,51,26,0.028977884048907786,0.028977884048907786
component_52,component_49,51,48,0.028245999204508845,0.028245999204508845
component_52,component_55,51,54,0.011926812998621618,0.011926812998621618
component_53,component_01,52,0,0.012723170503709235,0.012723170503709235
component_53,component_08,52,7,0.024650186000585498,0.024650186000585498
component_53,component_12,52,11,0.01954852213490188,0.01954852213490188
component_53,component_19,52,18,0.024152509174907147,0.024152509174907147
component_53,component_38,52,37,0.01221922851747901,0.01221922851747901
component_54,component_30,53,29,0.00872427933697448,0.00872427933697448
component_54,component_34,53,33,0.013717197813119291,0.013717197813119291
component_54,component_36,53,35,0.019183680767445664,0.019183680767445664
component_54,component_47,53,46,0.014001035045090003,0.014001035045090003
component_54,component_59,53,58,0.009018461847558766,0.009018461847558766
component_55,component_05,54,4,0.011571835761065366,0.011571835761065366
component_55,component_20,54,19,0.013719263674852902,0.013719263674852902
component_55,component_37,54,36,0.024498849066474256,0.024498849066474256
component_55,component_48,54,47,0.013102294477031349,0.013102294477031349
component_55,component_60,54,59,0.036141374023890165,0.036141374023890165
component_56,component_26,55,25,0.008596466800606432,0.008596466800606432
component_56,component_34,55,33,0.009228209324069488,0.009228209324069488
component_56,component_42,55,41,0.014373879150822283,0.014373879150822283
component_56,component_46,55,45,0.015311999388139234,0.015311999388139234
component_56,component_50,55,49,0.012997530287805807,0.012997530287805807
component_57,component_03,56,2,0.014022040145852288,0.014022040145852288
component_57,component_21,56,20,0.025504848543496515,0.025504848543496515
component_57,component_29,56,28,0.0187840386556649,0.0187840386556649
component_57,component_32,56,31,0.012630963635233533,0.012630963635233533
component_57,component_36,56,35,0.018706484274841974,0.018706484274841974
component_58,component_01,57,0,0.027908038709787097,0.027908038709787097
component_58,component_22,57,21,0.033728481238589965,0.033728481238589965
component_58,component_23,57,22,0.03280383612743397,0.03280383612743397
component_58,component_54,57,53,0.025454340181077312,0.025454340181077312
component_58,component_59,57,58,0.022173373833487556,0.022173373833487556
component_59,component_11,58,10,0.008582713355913558,0.008582713355913558
component_59,component_33,58,32,0.008081324696365168,0.008081324696365168
component_59,component_39,58,38,0.007272096771721662,0.007272096771721662
component_59,component_46,58,45,0.011737429622117376,0.011737429622117376
component_59,component_51,58,50,0.012656302584513923,0.012656302584513923
component_60,component_24,59,23,0.0246985444554117,0.0246985444554117
component_60,component_25,59,24,0.014496713669338804,0.014496713669338804
component_60,component_29,59,28,0.01576669947407375,0.01576669947407375
component_60,component_40,59,39,0.014752575368703714,0.014752575368703714
component_60,component_56,59,55,0.034000655679328945,0.034000655679328945
