split,component,rmse,mae,corr
train,overall,0.627326817265219,0.5003879595384442,0.6055975210131391
train,component_01,0.5266163373565944,0.41656532386187084,0.8062118215967943
train,component_02,0.5880073301109661,0.4655436054855922,0.7245377601821216
train,component_03,0.5783366356079614,0.45908287802542314,0.6873029215470852
train,component_04,0.5931994547725284,0.4728201928508156,0.7166986733238588
train,component_05,0.6022452363941488,0.4824615656156314,0.7485726438179136
train,component_06,0.6114714700577761,0.4921409037693853,0.6723208671148434
train,component_07,0.615008809262438,0.4909875816905961,0.6533174996182457
train,component_08,0.6406409041544345,0.5073299373547742,0.6690546339164837
train,component_09,0.6029316921443156,0.4745930167469913,0.7022972822866947
train,component_10,0.598356937345169,0.4729730164717723,0.6881321148234308
train,component_11,0.6411967749576818,0.5150392108766585,0.6336597433537
train,component_12,0.6551575582728252,0.5228443990070177,0.630309820056026
train,component_13,0.6371031180030132,0.5097541838368063,0.6321131911670305
train,component_14,0.6285942428672798,0.49535556089858024,0.6356758754110915
train,component_15,0.641810800590592,0.51425836227512,0.6276328538753831
train,component_16,0.6453226109620228,0.5149191555698679,0.6036769791355323
train,component_17,0.6843016009205857,0.5492397874968449,0.5727646862946741
train,component_18,0.6231140823212966,0.4977005781357483,0.5922274527372422
train,component_19,0.6427327235669107,0.5169988327438971,0.6064363762871823
train,component_20,0.6424637663207418,0.5141804439822525,0.6429028390775251
train,component_21,0.6588620151567137,0.5241120200043621,0.605730133331162
train,component_22,0.621524499747838,0.5011553597862215,0.6353898016479298
train,component_23,0.6090883877600082,0.4864763014005598,0.6431594078777857
train,component_24,0.6227280750898819,0.4989003529090209,0.6490584965917723
train,component_25,0.6666535542856277,0.5336991155730597,0.5764745107430351
train,component_26,0.6029477622614408,0.48135036625802463,0.6135020792419824
train,component_27,0.6807107146149789,0.5432324782748035,0.5243650930426226
train,component_28,0.6743222889524292,0.5371085062386254,0.5319450057421724
train,component_29,0.6418347493521347,0.5128273718029461,0.560805173827773
train,component_30,0.637634966418998,0.5042411986196779,0.539997043896252
train,component_31,0.6066886584404361,0.4914581350561411,0.6366500503494547
train,component_32,0.6301636867056729,0.5027095126616874,0.5578895895884189
train,component_33,0.6729456979564387,0.5374787645386137,0.5348974317657629
train,component_34,0.5936275002273838,0.4704469094538717,0.6238662784640107
train,component_35,0.6298489941472445,0.501283796881972,0.587607310898855
train,component_36,0.6503960694669453,0.514776536258573,0.5230168257202563
train,component_37,0.6442164041116053,0.514445011763279,0.5400294203415646
train,component_38,0.6396825479339007,0.5142565547034692,0.5724073418407869
train,component_39,0.6365152923954281,0.5077426009526873,0.5722728234887047
train,component_40,0.6366141593934714,0.5062864983297026,0.5491750396491961
train,component_41,0.6503622305369599,0.5198058117148188,0.5078701036373425
train,component_42,0.6280035730029856,0.499324527004016,0.5178310232547804
train,component_43,0.6185439481974744,0.4937094080270203,0.5877556838312409
train,component_44,0.6315881006199591,0.5051129707050431,0.5714504878787243
train,component_45,0.6178982408055224,0.4955889825827686,0.5632741594493837
train,component_46,0.6081916975482056,0.4848485832572358,0.5559696155641702
train,component_47,0.6003247736896747,0.4817382802923679,0.5442463007058125
train,component_48,0.6167348147903556,0.4914574816307433,0.5549487062845755
train,component_49,0.6233811655714471,0.495319754220191,0.544960171803698
train,component_50,0.6401644850059339,0.5054082571943593,0.5643786799368541
train,component_51,0.6501755706211874,0.5170778512007913,0.47468741065791026
train,component_52,0.6031122899586561,0.48325530501516256,0.5665003806270653
train,component_53,0.6226978808661991,0.49777306608880667,0.5321022850099141
train,component_54,0.6279077899269312,0.5038679126078124,0.5687859014175602
train,component_55,0.6315206801995634,0.5094433907048224,0.5518028472744863
train,component_56,0.606617701571108,0.4837002475467862,0.5565050523108656
train,component_57,0.6256484863756974,0.5008883227548668,0.5523145024592265
train,component_58,0.6125756176252406,0.48949447200974544,0.5663742261258776
train,component_59,0.6336439315936986,0.5105800385326349,0.5080214081950221
train,component_60,0.6018113267717049,0.4861069810537176,0.5532309104918749
val,overall,0.7046916178296143,0.5613390603871768,0.4602764271639047
val,component_01,0.6098601094204892,0.4939028546508284,0.756395556394816
val,component_02,0.6988346019629298,0.5463298940322898,0.6077883554223845
val,component_03,0.7014171863042138,0.5673621002074951,0.5973237132237706
val,component_04,0.6829006345108626,0.5436890799110626,0.5828830539484038
val,component_05,0.6602631901491168,0.5385070110672339,0.5986838716418358
val,component_06,0.6840248294930619,0.5440342160073053,0.6794902514553828
val,component_07,0.6938001913896011,0.5620305930941745,0.5649250443293057
val,component_08,0.7114142423599106,0.5613053122963947,0.5193749179312241
val,component_09,0.7068684463739504,0.5771934422322572,0.5140259419305303
val,component_10,0.689372408324014,0.5550700778217055,0.5775121129651382
val,component_11,0.6968045299328829,0.5606525204484656,0.6238267530286954
val,component_12,0.7310774340201728,0.5842949897811526,0.45467048505967816
val,component_13,0.7121610697270225,0.5646266457298486,0.4247271317613387
val,component_14,0.7001409872730963,0.5573905514099372,0.5838592121635792
val,component_15,0.720878791980048,0.573957646974655,0.41127383196905853
val,component_16,0.700648464903962,0.5574890601894271,0.4597006157872557
val,component_17,0.7211861640856225,0.5689622470775917,0.41614511166757
val,component_18,0.7080560174411192,0.558085502420661,0.43470225680955793
val,component_19,0.7194370854278701,0.5592955988873254,0.5083236845558025
val,component_20,0.7084410309314219,0.5597461822440817,0.4613312466133749
val,component_21,0.7331223560603805,0.5833060203929192,0.35381606001961907
val,component_22,0.7150363048002112,0.5656496712549562,0.4864817541486426
val,component_23,0.7136442127431205,0.5600093605206882,0.5165368532642122
val,component_24,0.7202816166155445,0.5785928025079718,0.4257195866969316
val,component_25,0.7467721983761515,0.5962725077055281,0.3604736070983813
val,component_26,0.6782237376795586,0.5438232453724877,0.4595462932458372
val,component_27,0.7566492511848585,0.6006123171730798,0.30450484964501917
val,component_28,0.7396352899871749,0.5918781151063824,0.3945015008494469
val,component_29,0.7500136786248676,0.6070994156331615,0.3672790122076003
val,component_30,0.70139899405043,0.5647335520224714,0.41216458099788494
val,component_31,0.7164449476893513,0.5742602327912028,0.5404370340213243
val,component_32,0.7122965796936945,0.5599559806050182,0.49933728443316094
val,component_33,0.7073539116690266,0.5678940946320151,0.29731029298532186
val,component_34,0.6347923840803603,0.5011093243583161,0.5042419730593802
val,component_35,0.716932875409217,0.5731728425898593,0.42551977728038953
val,component_36,0.759085868307711,0.6048935057189231,0.3671580278073996
val,component_37,0.7303208606540957,0.5792593390092752,0.423368980094349
val,component_38,0.7289898632000423,0.571601756837006,0.326772953488293
val,component_39,0.6687683944748841,0.5443769057079121,0.356918929742272
val,component_40,0.7076924307836078,0.5531565464614627,0.20835641619740786
val,component_41,0.7206729868388839,0.5628213135939879,0.3642283060434209
val,component_42,0.6881074151857424,0.5501298372241705,0.382263310587955
val,component_43,0.6927207630823482,0.5424959993861405,0.4496672060731906
val,component_44,0.6967875586899703,0.5666737094228467,0.33486719882851024
val,component_45,0.7173380163926618,0.5830746843133234,0.3634794294571584
val,component_46,0.6997719453062624,0.5445387606799238,0.388087741567173
val,component_47,0.7067448738875067,0.5557248113794474,0.3748636964861699
val,component_48,0.713198915795959,0.5723986525891553,0.4341375719142634
val,component_49,0.694271248277384,0.5578241112969015,0.3368448902715484
val,component_50,0.6808049513466963,0.5502940083457191,0.3932167102489755
val,component_51,0.7267189519342081,0.5761353533145147,0.3102123105240432
val,component_52,0.7074526037604122,0.56316214617283,0.3950916643044414
val,component_53,0.6581312174502628,0.5284896694386161,0.3750395616908048
val,component_54,0.6724519060135079,0.5435118462980144,0.47177870751942597
val,component_55,0.6803518664282842,0.5387754652438046,0.2556631326393537
val,component_56,0.6613872586607824,0.5235113220821809,0.3647646266002324
val,component_57,0.7312850528300919,0.5780443127553123,0.3630743053716747
val,component_58,0.6921615448320233,0.5503621580820405,0.4284114881530166
val,component_59,0.7117972066488814,0.5686686316839491,0.24661963373520912
val,component_60,0.7036852081507082,0.5681237670432003,0.36990053654974164
test,overall,0.7131848907309559,0.5682826023916046,0.4615280655969517
test,component_01,0.556706401292453,0.44206566195857533,0.759128971073319
test,component_02,0.6992373293534504,0.5489500218053759,0.6306476234913728
test,component_03,0.6798511941797669,0.5442793725340686,0.5762244109532986
test,component_04,0.642228071716107,0.5171078389215498,0.5672374586718398
test,component_05,0.6644268724377699,0.5291823597421987,0.493455112166795
test,component_06,0.639683358635883,0.5175361927855799,0.6993124326428063
test,component_07,0.7393018267964315,0.5879766802328841,0.49113565588966474
test,component_08,0.7075247326905209,0.5607511870751651,0.5605598711598672
test,component_09,0.7201742074008586,0.5803734974654808,0.46332327745163704
test,component_10,0.6866864963000235,0.538988999824472,0.5854431680893764
test,component_11,0.7663868033280165,0.6266837125962678,0.5467801755895122
test,component_12,0.6807225146235951,0.5485612475023074,0.5213968638384241
test,component_13,0.707550974922763,0.5537330713665485,0.5194115257614984
test,component_14,0.7202385893023228,0.5737111069618958,0.4754615915719729
test,component_15,0.7301584355474809,0.5764580490295449,0.48106605814596803
test,component_16,0.7057389523025733,0.5615640498726167,0.5326344180331143
test,component_17,0.7374082928699307,0.5774423445529369,0.4255044885772813
test,component_18,0.7132158506182412,0.5776591579183727,0.4582043341756314
test,component_19,0.6789999364475591,0.5368495613653046,0.4660280759061153
test,component_20,0.7405519056631764,0.5919028778020015,0.46841474972521946
test,component_21,0.7568957866458907,0.6042138361031304,0.3686150330067616
test,component_22,0.7355238788574842,0.5827680700528013,0.5043501935547526
test,component_23,0.680935384197776,0.5563643294810251,0.48068378609780005
test,component_24,0.7322897420614252,0.5812205697485565,0.4762843767470881
test,component_25,0.7726504047496383,0.6178663241954107,0.28587085887906466
test,component_26,0.7244638052183267,0.5804737307213902,0.4225046289756219
test,component_27,0.7682116523714609,0.6084805640813064,0.36246748170231197
test,component_28,0.7342445785235525,0.5895682592433804,0.42427293507128583
test,component_29,0.801547985609685,0.640233124938511,0.42233649395945777
test,component_30,0.7172758408117673,0.5684460344362161,0.3812502230278573
test,component_31,0.6743796938182748,0.532317273293321,0.4320329550378868
test,component_32,0.755024778027916,0.5995777320913449,0.3959767950497408
test,component_33,0.760450503256819,0.6076576920436857,0.31184056264786814
test,component_34,0.6722881265033132,0.5394789481354457,0.48822388112308596
test,component_35,0.6996765864197619,0.551925413381745,0.40165890292705264
test,component_36,0.8057353843188801,0.6453492666868681,0.31012155728934815
test,component_37,0.734512223667825,0.5836104639320485,0.3851698610572836
test,component_38,0.7350208896864066,0.5923298130223548,0.2961783468218001
test,component_39,0.6575090471800052,0.5343059078705771,0.3420516446654141
test,component_40,0.7302260885056993,0.580439903017898,0.3465610942697005
test,component_41,0.7516215931281381,0.6105847604422311,0.25128371704589625
test,component_42,0.7431458249384647,0.6022875095442817,0.23858576380067617
test,component_43,0.6800553549943154,0.5453110462395696,0.3812519905655762
test,component_44,0.7063107078324354,0.5610502913553141,0.3196658931305168
test,component_45,0.701645021456586,0.5573793826677268,0.34358120616407145
test,component_46,0.6871703439231899,0.5468067557491532,0.3355377855291638
test,component_47,0.6725498708005403,0.5359226802923449,0.35722652849081726
test,component_48,0.6860093429678517,0.5477709956481192,0.4855907268589435
test,component_49,0.6951923949539086,0.5621090510349346,0.3852404741566088
test,component_50,0.7100369193421423,0.5573911821836698,0.3205420253765142
test,component_51,0.7035896889558516,0.5679411267024146,0.23926626200590803
test,component_52,0.6930229287629199,0.5446374163775219,0.3979439586388206
test,component_53,0.7016301318470975,0.5759553662241003,0.36659889333493323
test,component_54,0.6949118259167213,0.5482100280673524,0.3397775767284599
test,component_55,0.7066184525905637,0.5738658281282194,0.4038546850317857
test,component_56,0.7098095996121236,0.5647578996580319,0.4944287945715765
test,component_57,0.7389476675490209,0.5799218636784677,0.3625618964838282
test,component_58,0.7212452035366025,0.5690834041809101,0.2987936027940546
test,component_59,0.7249200204699692,0.583469591036924,0.3932524716849021
test,component_60,0.7303148936050916,0.5740957164948202,0.29159195368967455
