,component_01,component_02,component_03,component_04,component_05,component_06,component_07,component_08,component_09,component_10,component_11,component_12,component_13,component_14,component_15,component_16,component_17,component_18,component_19,component_20,component_21,component_22,component_23,component_24,component_25,component_26,component_27,component_28,component_29,component_30,component_31,component_32,component_33,component_34,component_35,component_36,component_37,component_38,component_39,component_40,component_41,component_42,component_43,component_44,component_45,component_46,component_47,component_48,component_49,component_50,component_51,component_52,component_53,component_54,component_55,component_56,component_57,component_58,component_59,component_60
component_01,0.0015559014117140324,0.0419596911340357,0.0016081319425019335,4.3237234403813945e-05,5.564206356812967e-05,1.9866191236932288e-05,0.001590115619091734,2.891921025392685e-05,0.0033255565753089107,0.0032418643060120223,7.812579645515797e-05,0.0009180458838973806,2.9131859258894206e-06,0.0006127137973459144,4.89791201159637e-05,0.002196394712884055,3.0435627881224374e-06,0.041425432774122,0.00011794242522998033,0.001075266689261948,8.333400857625617e-05,0.0593794591355821,0.033056485255433594,2.2264752133019246e-05,0.00014170353043580533,0.00011305551665543607,0.000910340342506034,0.001184131842730297,2.975068873291099e-05,0.0001012647197332827,0.05422494683766138,0.001656248748846012,2.16712033297447e-05,0.002962158176561631,1.416121348257929e-05,8.000530764699912e-05,4.977564716403793e-05,0.0015716015554149137,9.820500236137853e-06,0.0006072980386883123,2.1136910311013468e-05,4.2276133733332656e-05,0.00014314091188084033,0.00012200634427135534,0.0001306331683109509,5.996128039437403e-05,0.001216975138087884,0.00011775954115330573,0.00012259364527821896,8.781627136104694e-05,3.9847800985112214e-05,0.002131536253428058,0.0009952793864794823,0.0027751511970229114,0.0012179599458031656,7.665580529050315e-05,4.1730383084021775e-05,0.00012823040896621784,8.698628262818383e-05,0.00015125071068679573
component_02,8.954905744778033e-05,1.5402455084270404e-05,0.0015464868393119803,0.0006166587052962372,1.0357665635835506e-05,7.453653502839373e-07,9.736567776415745e-06,5.292404559221492e-05,0.05913492492830904,0.00011417087929660874,1.204511454177752e-05,5.005926604330299e-05,3.76413229506605e-05,0.00011299093113028027,2.7448500985990183e-05,0.0523461561177539,1.962146700482263e-05,0.0009067680454398955,0.0016667187405469519,9.73920706609828e-05,1.3766803321067193e-05,0.000159728821692632,0.00010850483104046419,0.000432477666491517,0.0005046387703020166,3.632804038354571e-05,0.001475505391714505,3.886802378784813e-06,1.5143874742803498e-05,0.001604746506235376,0.0009272075956925648,7.036646055312072e-05,3.459611045005146e-05,0.0006028684109442278,2.1214557968838725e-05,0.0007846445570769927,2.6932423357927656e-05,0.035010263042932865,2.1456487235004485e-05,1.7743052053220396e-05,3.4926212796918565e-05,3.6647152912723055e-05,0.00015002387477898937,0.002249065838477237,0.0024437489912636284,0.0007350133052018024,0.0005817797051804844,0.0023196270903549946,0.0014336388228911273,0.0011431223718431653,2.5616676123914723e-05,0.05073454029089755,3.0078798320318508e-05,0.03859493545996478,0.0006593213390062266,0.00130236338919991,3.554636357817939e-05,0.002570669170442164,0.0004226254913197704,0.0001121664339476527
component_03,0.00011244165554293014,1.0253496217811227e-05,0.00020637249321185918,0.0008973294513950547,5.49642908833288e-06,3.8297127920544555e-06,6.10702745982795e-05,2.9698592108572634e-05,6.380031775712266e-05,0.037324437974027125,1.1802433419482751e-05,0.00010077385916914428,7.277130516970744e-05,0.03706057464028575,5.25101441465137e-06,5.367228469208033e-07,3.127545658000139e-05,0.003091240983011443,1.8095394347504492e-05,0.04125246775097531,0.0009329400260076887,2.7838622147811594e-05,0.0022214432310495606,0.001431693045717502,0.0021827963057434335,0.0013030095406315668,6.0130979781948155e-05,7.957535855301133e-05,0.0009763688503803638,0.00016997341275196539,0.0015250364413786862,0.00013819071467929738,6.487997621776675e-06,0.00012959849070555846,1.752546296930897e-05,6.936106362876087e-05,5.048578794172795e-05,0.003743760277291072,7.73762412073118e-05,0.0008870657528674162,0.0007031461486011108,0.00013674639185510284,0.08836206506840384,8.504209586954656e-05,7.962957355663385e-05,0.0007718856045710591,0.00368326518602777,0.0024376450228322183,6.234056453623317e-06,6.979700975036705e-05,0.0013932169641545846,2.331232219799034e-05,0.0006489858326365703,0.0012551088838316893,5.0470132567184365e-05,0.004144368955200455,2.625951079895744e-05,3.1708545415762917e-06,5.92790602740565e-05,0.05679203215091584
component_04,6.681615837259832e-06,1.3275342215638193e-05,0.044764869863101464,6.447647730941734e-05,0.0006391313786713189,3.0415843072452754e-07,5.011996900678138e-06,3.1689177111585106e-06,1.2521524895183012e-05,0.0016863801532079222,0.00037929670330679664,5.0908097646160825e-05,1.6459569064301313e-05,0.002682186306728305,2.6279104498149575e-06,6.949024329328946e-07,0.0009226775193669495,0.00016635080441762884,6.009312891373466e-06,0.0025986791468873183,8.939347707209284e-05,1.7206587484617006e-05,0.00011712210237599954,0.0005278079071401705,0.00013257629494177974,0.00010288270134859619,2.3242703369427747e-05,4.195485691817228e-06,8.851681835529093e-05,0.03951319514853935,0.0001367550743385783,4.5634927193371265e-05,0.0007482841839474044,0.0007194997944432112,1.9699960738793276e-06,0.000533764826895338,0.0013383345435081925,0.00019228973320091882,3.88310631639663e-05,0.00014191449791351135,0.000598953274636159,1.2697771878435443e-05,0.004594037767734018,0.0463026409060883,0.000956723696310152,0.03504298708457355,0.00021145796820511468,0.000837321841300428,1.7237284225010847e-06,0.00042544781240924905,9.502172094456666e-05,2.8436752511666356e-05,7.414966306173377e-05,0.0006417169326116961,0.05412338939410081,0.0002988933676065114,0.0006811996940260476,6.837561110164931e-07,1.403663543795674e-05,0.004509650918095595
component_05,1.4177657693260784e-05,2.4265986611904966e-05,7.691464669937924e-05,0.0004393428860654354,5.9183228260233935e-05,9.952894068495475e-07,4.182030946469575e-05,2.744741020200137e-05,2.0293007082818543e-06,4.5899944020259325e-05,1.4622583525213277e-05,0.0011709353399072552,6.559273143668404e-07,0.00042980960965143905,7.131019743618922e-05,1.270211559161616e-06,0.0005057778862966903,1.3404493724755511e-05,2.151198199314211e-05,0.0007426738335166804,0.0010776313206145116,1.9428002776390928e-05,5.234173234392856e-05,1.9460784132404246e-06,2.4213559263301783e-05,0.05721739475425283,9.615463251347325e-05,1.874957712327398e-06,1.8320075874216345e-05,0.0004954555846775698,0.04134825224819656,0.00040117613285618785,6.059939823854072e-05,0.0007307139960356906,0.0010692803797233475,0.004712086936398334,0.002947898840734863,0.00034028503990276595,0.03677489076010149,0.09824447075096387,8.572038871789061e-05,5.1802090022562704e-05,7.66121783429556e-06,0.00010169160258385757,2.6371342151028652e-05,4.749473783970547e-05,0.0007591942909769973,1.3982547545959904e-06,0.0006654055254198691,0.0004999963913464403,0.0006042671085215657,8.096691561588346e-05,0.0007001169603020009,0.05292589837665817,3.2849986340903847e-05,2.2233128518635996e-05,7.802227148325602e-05,9.129790572378665e-08,0.0014087583784276405,1.7226294009567632e-05
component_06,4.332402610400527e-06,3.0940064065354874e-05,3.72538150645769e-05,0.00026208577640451794,1.7959764397425553e-05,1.6570278998719834e-05,0.0003233220749155814,1.0746026318910862e-06,9.906538577350277e-06,1.4706630528314584e-05,0.0001539156669714625,0.00030714809684109377,2.3179519094752088e-07,1.0328539854075499e-05,1.609913718666946e-05,1.6195684785276273e-06,0.00032014406023005425,0.0002303231319242337,8.179672656229729e-06,3.617247357777636e-05,0.014013032995137138,1.2567781025430211e-05,2.29877568319847e-05,1.0002282449150655e-05,2.7713202415453685e-05,0.0005326174507715686,0.0003641956432993061,8.234552054568385e-07,6.037845448296467e-06,0.0002460793931343806,2.5169330890445112e-05,1.6733327459457398e-05,0.0004298994739161502,0.0005931413405355161,1.2708660508407637e-05,3.462993355930394e-05,0.025408424377857036,1.5945619792428698e-05,0.00011266386752766604,0.00031934205951964303,0.01864051135552806,0.0008887216745089323,2.4135160240025986e-05,0.00044462285313154445,0.00019221407627704603,0.0011413921235529864,1.5338284598724468e-05,1.4368434585128895e-06,2.444870919527505e-05,0.0008166354594789593,0.0004615409148710012,0.0007921197768051295,1.9794704467268768e-05,2.369839805767243e-05,3.649235962574567e-05,0.06177961653630768,0.00030025764505494176,2.7923462416481327e-07,0.014677345954604652,3.980777774113729e-06
component_07,0.0013772047829652286,7.602213820036332e-05,0.054069941437195006,6.768700245604095e-05,6.619425589813243e-05,1.7261824216482723e-05,0.0008048010640204498,5.169422826190872e-06,0.0010788822393114753,0.0039294060333589145,0.04859492090027326,0.0013023654440803324,4.23491085007144e-06,0.0020058333865884408,6.793768317450652e-05,3.979405422028405e-06,1.3578712846121229e-05,0.00022572740982240564,4.4595131896747575e-05,0.0022526521512981775,6.894870467787258e-05,0.02970153578290351,0.029530272752809485,7.84232020340352e-05,0.00021348808106320052,0.00013810253250965722,0.0007805177928973123,0.0010578177329171683,5.748651535011738e-05,2.7428280454321973e-05,0.00019789582984674266,1.0556497914936427e-05,0.0002798292023875516,0.0010133939797553942,2.880612083478825e-05,3.0959489913901635e-05,2.6945678198736913e-05,0.0002587855500103956,0.0016179334973621907,7.047279673898425e-05,3.9347479473560994e-05,1.1722946620072698e-05,0.00478455027357227,4.2597231587443056e-05,3.841938180888621e-05,0.00046907443353966027,0.00039734087288888556,0.00014041686522001874,8.491155955022048e-05,0.0013316555283517117,0.0005556340926019378,5.961105835835158e-06,9.453591238101975e-05,0.0010770661784610923,0.0006189555043995241,0.00022809572730098318,2.4090222484087654e-06,2.616969125654932e-05,0.034503903426548826,0.0030927361736033305
component_08,0.02142315783222106,0.0012792819517578559,9.932303646833432e-05,0.0005916574567463104,7.570121783409379e-06,5.779130403067282e-07,0.00036491661039952597,2.790624697213464e-05,9.454392714450843e-05,0.0004937822467511451,2.7983410781288162e-05,4.225955558355904e-05,2.285136094173135e-07,0.025695439174158674,2.5946668540035242e-06,6.69644613482335e-05,1.248979919946798e-05,0.000899004325799439,0.0002706347712064742,0.00030754586064063384,0.00038800498268374927,0.0012806424182239802,0.0007180132291594299,1.6360291659041496e-06,0.03436007508701867,2.1047155817924027e-05,2.1969664123076166e-05,2.5720288215140265e-05,2.100183536028213e-06,2.7275516151410565e-05,0.0021859830989392247,4.592757219121616e-05,6.412662505814803e-06,0.021693045590514347,1.269756315632717e-05,2.6293414661127175e-05,2.858512897696728e-05,0.0004998940571777424,0.0012084514996389428,0.0003292644099552242,5.974980332846662e-06,8.776693143301418e-06,1.7238589772621348e-05,3.2158624309161726e-05,1.2803531696691889e-05,0.00046354364989833184,6.768063129839496e-05,9.741818551725488e-06,2.5227123073878553e-05,0.027062123095768126,0.00043256124531621806,7.394093306127635e-05,0.0009092063265983222,9.461339964052588e-05,0.0004764522294026644,0.0004714223330417885,9.898036368771724e-06,3.747721581575107e-06,0.0006247342470623287,2.7648555926904422e-05
component_09,0.0007250369513983847,3.245128529087956e-05,3.7238799237088714e-05,5.408884222831947e-06,4.136041031508017e-06,8.767758812012644e-07,4.454194218485986e-05,0.0005377131431689174,2.8675427270495626e-06,6.888112878787778e-05,1.321506361760142e-05,1.0811638016800816e-05,1.0323576799140696e-07,0.00018269737792032554,5.92520710539908e-07,1.6986738823099781e-06,1.1720790163153422e-05,3.2332383840963525e-05,0.0281681670559847,0.00028146963553731566,9.986690563725808e-06,0.0011658676729296236,0.0008161758669667019,9.087971050333683e-06,0.001014482567226333,1.20963112841328e-05,2.0763642267292255e-05,2.9236618045604786e-05,9.510872720256501e-07,1.1085225152648483e-05,0.015546825163115527,0.0001478619552854232,8.104187793476737e-06,9.143257968268562e-05,8.526169990841679e-07,0.0005818282849338855,2.4433201131312297e-05,2.3223198444814127e-05,4.139373880565473e-05,0.00017730813093771533,1.312346415689168e-05,2.177756965504191e-05,1.1297004627361877e-05,0.0009779952348108398,0.029996311820961862,0.00043848116930760256,2.3667727773562503e-05,4.396128860986908e-06,2.3481357444400265e-06,0.01812801652280762,0.00028047815844014747,2.3321898957064604e-06,0.000260481933011092,0.001133533550888417,0.000303609370362237,0.0011076944507703219,8.417448359100792e-06,0.0240881959991743,0.0007368553994407731,1.7505568409003333e-05
component_10,1.7639574457622615e-06,5.628679662032026e-05,0.0008985212602512176,0.00039812223428084163,4.835846797786697e-06,3.676464695148514e-05,0.00033122391977277255,2.9211445657035823e-05,1.6742762612026747e-05,0.0020047007959024346,2.8200528599878486e-05,2.798973741472136e-05,7.39953652880919e-05,6.409052378040523e-05,1.823178626708977e-06,2.946352062200247e-06,0.0002861047098637904,0.000628448196509514,3.3014948678528527e-06,0.00010180666229858892,1.4731098482306879e-05,1.4652717313366564e-05,1.9145220089016477e-05,2.5944652855976813e-06,0.03552576413048285,0.033432338362145875,2.160669963116787e-06,6.858098968570096e-07,0.002101020840870934,0.002081659789054681,8.290848441857324e-06,2.4876989886245564e-05,4.713874389177714e-05,0.00043248409327909025,0.0004208304839868596,0.0005982966702229452,1.894674050351877e-05,0.01990501213864387,0.0012512605651382425,0.0003165386589819382,3.965925900435949e-05,0.0019728027805735507,8.676611687940688e-05,3.2502451673213386e-05,0.00039412559500930826,0.0004052027418900057,0.09611476238458928,8.35494524845292e-05,2.2735753554996487e-05,0.00028278640738817385,3.7473149641817504e-05,4.976254502336646e-06,1.084232214313312e-05,0.030220506256339687,2.626316954915928e-05,8.031371610124699e-05,4.117618232723927e-05,2.1173408169853995e-06,0.0009129669768395897,5.298782203971343e-05
component_11,9.278330062206067e-05,6.971827604627959e-06,0.020382847817443733,0.0003267754518310118,0.0011933647781256287,5.476447287063125e-07,1.902186695669336e-05,2.4388055587815093e-05,0.022016442932515187,0.0007918614625857983,7.335100439600179e-06,0.02628871091402728,1.5885492241487919e-06,0.0007684506719458843,0.0013503751430608423,3.6494275520352605e-07,2.2925760890570564e-06,6.75473619447527e-05,0.0008649537752515994,0.0008548791615831498,2.094907457534865e-05,4.427133766509889e-05,0.0008332189686363131,3.6271795466112304e-05,0.0003846651046846287,9.620844425439762e-05,0.0012481305293317929,2.98471269738811e-05,2.026847987460358e-05,1.7028167887250912e-05,0.00048401394041811284,7.340924907642586e-06,6.338186258541405e-06,1.7908904467242488e-05,0.00029961605921917145,2.554137744715252e-05,2.870355865257745e-05,0.00010526501827717264,0.02798956976696695,0.00014326281040755368,1.5106034202836747e-05,3.5829911051697167e-06,0.0018012421313002506,0.0007562265115832023,0.0006687534331633295,4.54753260105658e-05,7.996414852521271e-05,5.5470626028921305e-05,0.0005062354516279856,0.02728174673599392,0.0008371292283358143,1.3896468825067853e-06,2.2142381877007283e-05,0.00013997496333287396,0.0004398915553829078,0.00011843579773041328,1.1033499700866946e-06,0.0005303774014648137,0.0006903946073683917,0.0011734299000917944
component_12,0.002814203517516253,0.00013236423183227231,2.9180916079485762e-05,3.460305884484632e-05,0.0452712857313841,1.6920091622402652e-05,1.2420148843016647e-05,3.677704802414632e-06,1.0583796755219534e-05,0.0007846190561552923,6.071372316401804e-06,0.0016414640570856663,1.1396719403792835e-07,0.00030978439629049463,0.051117984398039266,6.928652025647079e-06,2.4077709907232215e-05,0.00012895515589767597,4.998155168983911e-06,5.793763905069541e-05,5.7285049152082955e-05,0.0001747485106610144,0.029159819043050282,0.00024049583920183597,3.202983661645934e-05,0.002616421124535659,0.04747920058952475,0.0010445475370510987,3.0013246487872244e-06,3.793747437900543e-05,0.0028921753709658694,3.1364159711372836e-05,7.4430241999593435e-06,0.00046054002646142306,0.0007101563265780669,0.0002334737332649135,0.00013523373005947022,0.00047876319143973976,0.0016698002830298694,0.00447219638582425,5.105711741199934e-06,4.856391843848529e-06,3.283998770270975e-06,0.02737154993770903,0.00023513395882098517,3.8683672078577085e-05,0.00013149687430534396,6.358161349764239e-07,8.527903015166615e-05,0.00026707264500114335,3.856009590642284e-05,1.0546386009245046e-05,9.414424111198918e-05,0.0033660613885767464,9.62124749069067e-06,1.912697616220218e-05,4.43704356956249e-06,4.090894587685058e-07,0.0005888274195624506,2.900038468216701e-06
component_13,0.0006649465000243226,3.2952547732608725e-05,0.00048643294259159356,0.010260836087089728,2.0017285088415987e-05,4.918918903085373e-07,2.3493095108411374e-05,1.2163690612129938e-05,6.401775605645559e-06,8.420488425933445e-05,0.00016630995156856758,0.00013791970925402776,3.72510068197626e-07,3.1862158970635566e-05,1.6597681392848236e-05,1.7249126401994099e-06,0.0003851751708979319,3.892870804280655e-05,4.465266748148034e-06,3.519997831149812e-05,6.088465719633996e-06,0.000808272537827445,0.00077196826318551,0.00015263017326775394,0.00017229729761981336,4.200132162623683e-06,0.0005885479954458992,2.7653036762730526e-05,1.8788922491018147e-06,0.000583389091347358,3.878114105785865e-05,9.502843395404527e-06,0.009815311391787469,0.000283403791492084,8.401903318918088e-06,0.00022991735573090922,2.286476540858406e-05,2.3531155741223153e-05,1.5083253695031352e-05,5.299546992128771e-06,1.1919850824284711e-05,2.4878874426075296e-06,0.00031460910828095466,0.00048327283376957647,2.1668265992403277e-05,0.014874433892995208,3.4511429175641344e-05,1.9218983428660078e-05,0.0005505188594396959,2.2511391306360502e-05,8.217653578929515e-06,0.01942909312671478,0.00016898367994642896,0.0008230942284063333,0.00080349829643112,8.578798800825614e-06,1.2137076956365577e-05,0.022293093128245907,0.000504835927938804,5.6897384982263205e-05
component_14,0.00023191974636623138,1.9207814765012803e-05,0.0009971741839264812,0.021917503596962894,3.534708880570186e-05,4.952712806381908e-06,1.6943241635827363e-06,0.00043567303948886164,6.179914754102688e-06,4.260706329503131e-05,0.0001876026089089961,0.0003635893433338707,5.211971475669531e-07,0.0004665341347632645,1.85595022109762e-05,1.005439784129144e-06,0.00045039650779374297,4.4917035030989804e-05,0.00042171913703680164,0.0007570323629658607,2.5587727075047705e-05,1.4318907601875314e-05,2.8412694367567644e-05,1.2070708835285057e-05,3.350436687032857e-05,0.00015859928695185265,1.8325672934183364e-05,1.0177844340807647e-06,2.7001192597486745e-06,0.000868825086214487,0.03910829870768889,0.00037957032581885613,2.0926899423546474e-05,0.00019652619371633777,2.2698729239591176e-06,0.00027871750899275213,4.574828304362297e-05,0.00022918069682751317,7.762765597536905e-06,0.0004261433293555378,2.8887137224305435e-05,0.00026496385347409164,0.000404675029757189,0.0010254654481556614,3.5424128627655434e-05,0.017335902356022535,2.0991807186679784e-05,2.673619878816885e-05,2.616623371065099e-07,0.0002751791482132332,2.9836128507795178e-05,2.415783959192399e-06,0.017349932289226645,0.0002632705193070311,0.001190579150678138,0.0180209532792725,2.6210365011851038e-05,1.8248128091371497e-07,7.053166447079833e-06,0.0001109467260981734
component_15,0.021963549323196847,0.0009206596510895737,3.88218763907951e-05,1.0506471499968394e-05,0.010325311790369628,7.026363696298426e-07,3.7513067951613064e-05,7.969037197528155e-06,7.490272512523948e-05,8.215389478708133e-05,8.945883685371086e-05,0.01352505552347068,7.816620864920681e-08,0.00019162680330116178,0.0006904231748767218,4.819225154826179e-05,8.570934752876386e-06,0.0009090985853676707,9.684596101731672e-06,0.0003271661995898392,2.1718936547008756e-05,0.001302549191601355,0.0011171263210302533,3.871751891634356e-06,7.689811792698486e-06,0.0005935474420678977,0.000660588304753463,4.00171052325242e-05,1.0214224174410227e-06,9.231383415626903e-06,0.018389842071655598,0.00019872369621911663,8.411286748388309e-05,8.037653102335322e-05,2.102385487459492e-05,5.9454439497519545e-05,3.915845048678241e-05,4.97156202639132e-05,0.0004554554860993898,0.0012081700518684437,6.526320824143386e-06,3.107109170826286e-06,5.7160914308878335e-06,0.00037275546172132524,6.592493642581239e-06,0.00012522818928007373,3.5927250453234036e-05,2.6774244625167185e-06,1.1667623997069394e-05,1.4934751523354467e-05,0.00014537963971475435,4.7929661084287506e-05,0.00030852984521134296,0.0006220503343619264,2.7449274275499804e-05,5.582310345230389e-06,5.6036197085358855e-06,2.8604974253041516e-06,0.010054454856001531,8.334870833017124e-06
component_16,0.0006461339817141749,5.0113740164069046e-05,2.8543366167665302e-05,2.9758292538009034e-05,1.4541244055253342e-06,6.79973113771851e-06,2.2238056224931675e-05,1.2483792641972693e-06,4.204377882488202e-06,6.798676907682337e-05,9.786681824662555e-06,2.1057216321599104e-05,0.0007053344702243611,0.0007327533982636998,1.1084637845516564e-06,2.623221262225245e-06,1.5441569249462038e-05,5.041723190617524e-05,7.2064471562495805e-06,2.3234176492646898e-05,2.6325020424275796e-05,0.0007953883533170479,0.0007413864801131281,0.0008652592618444253,1.0549919519403807e-05,0.0005961866681640117,1.954895835340731e-05,2.6557552386105048e-05,8.703034069847639e-06,0.023413617477161745,6.452009749928187e-05,0.0006871225226328676,0.0004520265405255039,0.0008642693123157946,7.596014567716769e-06,2.6081855533573225e-05,1.6689984147561908e-06,8.131187224243984e-06,4.357077772922764e-06,6.847478517279014e-06,0.00032522905129214524,0.0003420177376551278,9.940063538039896e-06,0.04069651833983494,0.0006613668094244476,0.00040623588458130796,3.875567476968461e-05,0.04406034686914732,1.949795899492866e-06,0.0006755960402553197,1.7425648837415646e-05,1.6852700293886906e-05,3.919810508404025e-05,0.0006293500286668608,2.8168922682415666e-05,0.023273142009343824,0.00041574713784189095,0.02189681673330374,0.0005034293486440836,2.986849342349406e-06
component_17,5.012379279700402e-05,2.0047415249700774e-05,3.2663525116887855e-05,2.613183038223216e-05,0.01220532870460465,1.4090645500417416e-05,7.649578221115591e-06,8.578406646119706e-06,2.4350056982186473e-06,0.0005697072913218822,4.380228325023375e-06,0.017698868542419314,2.0832545502596876e-05,2.6851783201425617e-05,0.0009033807109499216,1.049388965251874e-06,1.5099639622967019e-05,5.665663798002003e-05,2.614944968710386e-06,3.351532684482877e-05,2.63315693793072e-05,0.00024234652643585463,0.0005159166029871532,1.1244652000669904e-05,2.3525569351198517e-05,0.0007209467703541561,0.0008394839029122922,1.848089030245328e-05,0.0005916879367681559,0.0005146790655326231,0.0005235492521391937,0.01977988426471616,0.0002310298684255898,5.167962306923659e-05,2.5016253702957164e-05,7.893765578909979e-05,3.694033847198868e-05,0.00041794324694904454,0.00044993085454841486,0.0011998563584311333,9.070459585730471e-06,0.00074035309338485,9.056886121277938e-06,0.0012402544614453558,0.023179429093611027,0.00033794742713171927,0.026691757969529994,2.3155758881804037e-05,9.159084565474028e-06,0.0002417785501142718,1.2151941866861841e-05,2.7015048063517124e-06,1.4437659740151762e-05,0.0010596824669337848,1.0032057589652856e-05,0.0003998914822402227,0.0004590727369452019,5.460339462181164e-07,4.1564122667527344e-05,2.7248853513189052e-06
component_18,8.009099020261402e-05,0.00042559396024627273,2.720072913535947e-05,2.6632049827037768e-05,0.0009460397178344878,1.327887700341112e-05,1.1399729776734867e-05,2.947043921370706e-05,0.02038520119344194,0.0008954295895969924,1.163801125279712e-06,0.020927937544568936,1.6624446876828434e-05,2.4138048817221317e-05,0.0010680573384242965,2.227786475201333e-05,1.4212768339803657e-06,5.3429262030275136e-05,0.0005886011043490197,0.0003029166961511257,0.0004251899852779165,2.828876402242321e-05,0.0006265083569532685,5.845368765669381e-06,5.769886124957316e-05,8.451051019188118e-05,0.0009933539165993327,2.2442449324919122e-05,0.0004717641119002102,0.00040263267300498615,0.00037921129032638144,0.027596821519377205,0.0003156454150983036,0.023040381255766015,1.5243160935817962e-05,3.012070683821493e-05,4.354492100863305e-06,0.0003586133932420887,3.711055613014088e-05,9.768521974236892e-05,1.1386658260403263e-05,0.0006933541710083606,2.8797754077395773e-06,0.0005943348966976934,0.0006283215232834665,2.6127043441379677e-05,0.021040629758464085,1.935368044713501e-05,2.7322668498037076e-06,0.0006818740997580905,2.8851367415215438e-05,3.130230306668826e-05,0.00048350104481907153,0.0001366289101629871,1.291086920002932e-05,3.9269891520002095e-05,0.0006426636893837841,0.0004918985766509528,3.858756441630597e-05,6.774423766478462e-06
component_19,0.0004046490865023955,3.7923087953035604e-05,0.0001943031264336697,3.6360982563122e-05,4.770574010187681e-06,8.299721770655273e-06,0.00027287609827620436,0.018864619183646777,3.850347095838341e-06,2.129744060663396e-05,2.155492628685761e-05,9.818295710709774e-06,2.0693240579924362e-07,0.0004926494892570536,8.246523552638386e-07,1.9850973070848044e-06,1.3733913682977053e-05,5.5699984639776563e-05,0.00021103418985218256,3.460038277698529e-05,1.830389533367186e-05,3.2635981679729695e-05,2.2427268892104767e-05,7.836095380419665e-07,0.028997109785621453,0.0001876950157958772,4.635400500725369e-06,8.0337770441734e-07,3.4025082511589538e-06,5.16215416915992e-06,5.9622047887554856e-05,4.430115913381317e-06,7.636911948838857e-06,0.0006110541030120861,1.2596020123178962e-05,0.01943987626184081,0.00026600425349533434,0.000369457436515763,0.0010197358037968064,0.0002628528368848523,0.0002740919502221613,0.00044480485183247346,2.3649729432965883e-05,6.7407082846358605e-06,9.80332340900913e-06,0.0003552102008847901,3.7054466596746076e-06,5.578546008801925e-06,1.8636035053133087e-05,0.02314303008062649,0.0003562163752983454,7.394285532199368e-06,2.184405602716938e-05,8.53095618295669e-06,0.0003601018443194848,0.021713765301645153,0.0001562931193593201,1.4079640291893288e-07,0.0005297029465053079,2.4466443607937712e-05
component_20,8.215559164921288e-06,9.807003242090457e-07,0.00012329898152841558,0.0009243988110426527,1.322345751232863e-05,3.0021095612202027e-07,0.0009758261777673582,1.4752659776348217e-05,4.789024758142086e-06,7.82389983326925e-06,5.2366354907247017e-05,0.0002733943263182209,9.111226121146289e-06,0.023923766800614994,1.4210607715126068e-05,5.133510158918211e-08,1.7994922526670446e-05,0.00017575736012516454,1.0887410561427086e-05,4.853529144981941e-05,0.022333627075323742,3.6598734420179955e-05,3.752576030544074e-05,0.00039463568932729246,0.0010549738244323506,9.52942209331387e-06,3.5316473608754284e-05,1.3442278378047766e-06,0.00025828594958524266,0.0002517194693663903,0.0023845313102243974,3.3870347631277415e-05,1.2242650948657201e-05,1.635102722544808e-05,1.0023030765072544e-06,3.701762997235937e-05,0.0005574817979205376,0.0005104078486696846,3.923187735140541e-05,0.0005578121434113258,0.016967339954946974,1.4951733540569701e-05,1.9103747926851603e-05,7.536482400489208e-05,0.0001750875356311012,0.0004497102509621116,1.527554465354107e-05,1.1190518267144508e-05,1.4889774798659355e-05,1.6322535239341052e-05,0.033700912406590934,0.0004996048221647727,0.0004390823392647009,2.4264584140280228e-05,5.6965171472289615e-05,0.0009785221908407704,0.0004761649726479013,3.195972950523269e-07,4.836232969027078e-05,0.01579328562998586
component_21,3.73325012075509e-05,2.4498166143697326e-06,0.0023312563340908655,0.01751629943015257,1.662354286403002e-05,5.09532272089594e-07,0.022865324418499613,1.4784243297890863e-05,2.508187625439257e-05,0.000142454125932957,0.0011170603284703965,4.7040830439595796e-05,1.4423550540406666e-05,0.00011306008511058953,1.318470376240041e-05,1.2823650779861376e-07,2.0143167060018732e-05,1.6972239081699828e-05,1.6249790819988235e-06,0.00012771150991067106,0.0005422072014226766,0.0006972850359246652,0.0006849168065346697,0.00017746967959522065,0.0006520012376336845,6.245122499364375e-06,0.0006578789497580406,2.4534725757195778e-05,0.0003998150305981664,0.000696223452947081,0.0008066693214376145,0.0002757288714896625,2.660793403779936e-05,3.742316320397744e-05,9.848345363759712e-06,0.000405591186523536,0.0003343106657711212,0.00029632904366458634,6.0456587802611305e-05,1.929424266568339e-05,1.7522026322719333e-05,6.131563776565887e-06,0.00021744165352525694,0.0008219676937843416,2.307283917263221e-05,0.0006309356240179872,1.9598043526582706e-05,3.7306891797098934e-05,0.0006210563782049418,5.620350183315167e-05,0.018664640989856835,0.021903188601742334,1.705009712278109e-05,4.2529425483371374e-05,0.001223916903277921,2.4176997744372707e-05,0.0211133889215014,9.285230304133535e-07,0.0008009549648482459,0.00017709740303316544
component_22,4.878237326026963e-05,0.0005890527539007317,0.025948671608097284,5.037487655849625e-05,0.00023449313399543045,1.969694080117144e-06,0.02676382145830512,1.9200250349235106e-05,6.562375692190819e-05,0.03932122142888407,0.0013002476144131257,5.2578222853705464e-05,9.358236756174349e-06,0.000979434904306322,2.768745808328021e-06,3.083417249532366e-05,1.7787911021314852e-05,0.00010695258345808838,1.9118304034451595e-05,0.0017423887193410213,0.0006170928047731456,0.0007960435602488099,0.0008452229824272497,5.888657231940575e-05,0.0014301339778354945,0.0013294548551681506,3.093010948454828e-05,3.0277128374834185e-05,0.00011757778215309887,8.873732781241732e-05,5.576948241596889e-05,9.117303347351628e-06,1.555897899665462e-05,0.033171843097546574,1.7688581763107964e-05,2.7958011299472374e-05,0.0004947691942911087,0.0008889633790752935,0.00010197471893023012,6.969198979492992e-05,3.121425615203331e-05,7.954168066389279e-05,0.0022929306110041573,1.533651545488584e-05,1.9998886200746772e-05,4.879979217244991e-05,0.0037760824681619554,0.00033072494497891057,4.925985912425956e-06,5.023282936191712e-05,8.38399672530591e-05,5.299290840197377e-05,0.0006965884025831865,0.0012503156163201083,0.020041164849258046,0.00013729521700584914,1.4953284601532735e-05,2.464053462215101e-06,0.0009594912652593539,0.0022082507503255046
component_23,0.046604424044281265,0.001965101692537164,0.0001162630912753965,1.759260803920404e-05,2.529884783744798e-05,0.0005794615967231625,8.725699731191378e-05,5.709868891803927e-05,0.00015616994188566796,0.026459561564403516,1.2042712809059734e-05,0.000532509340627768,2.434784372885252e-06,3.6506162656828184e-05,5.997329497964403e-05,0.00010286393562766448,1.9784939702733117e-05,0.001951835232642599,3.2841794957732616e-05,5.9278418065988475e-05,2.540284248085417e-05,0.0028119011410382955,0.001813321576108903,1.2818343243048937e-06,0.0009426651195904892,0.0008847129581033053,0.024426823534857513,0.03588642426389494,6.652965275239571e-05,0.0003466808024255203,0.002531074972795315,7.838986652370167e-05,1.0419272331883264e-05,0.0005904986771733285,0.00035146505695164053,0.0006561055533486338,3.925039606537802e-05,0.0008437106379628231,3.663406475846316e-05,0.0005029626199625958,2.5829938825785982e-05,6.78533623612819e-05,1.8777497679746416e-05,2.104573483177654e-05,2.550132843244446e-05,0.00046587616442597386,0.0030273136488551556,8.375822528672924e-06,0.001888833718175131,5.8892427127251765e-05,7.947375052225298e-06,0.00010104467096856145,0.001156571412969695,0.032820215288658035,5.9363921759517686e-05,4.661899728462843e-05,1.3484515578680105e-05,6.06687260340011e-06,0.0003255875625428714,9.606675391842238e-06
component_24,1.2658970882893685e-06,3.4430495557050616e-05,0.0003596582894799709,2.8817077251163225e-05,3.5151202355691996e-06,9.996727559848748e-06,0.00034288396714965457,8.869913471838865e-06,3.396323582422119e-06,0.0010486167893149266,1.9620888124061725e-05,1.0523766704365707e-05,2.0265925631384526e-05,0.0005374575065684246,5.403179357865765e-07,1.8022763361606866e-06,1.429963011521075e-06,4.5631624076087056e-05,3.199082221632804e-06,4.983445838081914e-05,3.163304871146768e-05,0.012789448836767563,1.1236103419962539e-05,0.00023042286465338116,4.077440431730324e-05,3.5740895159242426e-05,1.0446434699549354e-06,4.0249372384807443e-07,0.0005737891873568732,0.019027422282219323,2.174915391787627e-05,6.071990283187807e-06,0.00035513888363548755,0.00125842899196892,4.948271181940688e-07,0.0006195540403650259,1.4747378344415179e-05,0.00040599842733700495,4.366802334258295e-06,6.040467617755157e-06,0.0002733220572515233,0.0005362408011119685,3.2452714486891276e-05,0.02611950663478185,0.000487295370936274,3.7464517106745044e-05,0.025963047556112964,2.6428112851518395e-05,1.878206921376509e-07,0.00023276776479116555,9.600055300179608e-06,3.113561623962493e-06,4.090043588273817e-05,0.0319306510449909,0.0002612498348622557,3.697103123461517e-05,0.00033033120247991365,5.730325383535866e-07,0.0003110840753338178,3.041521818980602e-05
component_25,1.3846621940283561e-05,4.174590882496864e-06,0.00106577787078781,0.0006062059340958899,6.486021896316939e-06,2.1643914103460286e-07,0.009216405441713127,9.23746333849738e-06,1.86298960765003e-05,6.939353139357967e-05,0.0005368023724294693,0.00012783654380954022,1.0108851788128063e-07,4.185155083844556e-05,1.7524422752230165e-05,2.1852042031197406e-07,1.2939940523772925e-05,0.00032249640230534667,9.209731740611924e-07,4.7108487343999916e-05,9.587252568152272e-05,0.00029214406023580824,0.00028211217028789034,2.0074545768311373e-06,1.9761707550325888e-05,2.8226724023826223e-06,1.6590019586030127e-05,1.0105672199518937e-05,1.3863589841704044e-06,2.5991094782255157e-05,0.0001315962470877821,1.0511568033873954e-05,8.67407286889742e-05,2.0438685216442157e-05,0.0003526933443838768,0.00033899217925519216,0.0002749867813412761,0.012443553628880794,0.03509761018690463,0.00885642677368094,5.9285893340589416e-06,2.878015682305427e-06,0.0001010699325339209,4.343004342503318e-05,0.00022520703695485327,0.00037947131235832214,1.4071167767913709e-05,3.321231732729541e-06,0.0006335242178742264,3.0632558172325005e-05,0.0006435683714135728,7.548710831258432e-06,5.005868451651122e-06,2.0935689973857608e-05,3.921553488734605e-05,1.2410058428120584e-05,5.418481082636841e-06,4.557935523980195e-07,0.01024879742090553,6.198030537557026e-05
component_26,9.537222838413658e-06,0.00011044997092289517,0.00024401263563659134,9.567124080801745e-05,0.000107695967193172,2.680907072912378e-07,0.00010096055640323045,1.5766763060038238e-06,1.0924646892462529e-05,1.9179916199307807e-05,7.0162346559618e-05,0.0002683780216522771,2.2885698644548774e-07,9.626490763664342e-06,1.3724947507932653e-05,5.781542371184559e-06,0.008243007027396939,0.00014002585706058665,7.621538731034749e-05,1.2494121053231095e-05,6.3336114832493e-07,6.590766994217355e-06,0.00019519559417463802,7.28858581977417e-07,9.837005839212582e-05,8.098316124108959e-06,1.7543160351279934e-05,6.992192812902168e-06,5.275850598036846e-06,9.420293873075039e-06,1.4937888468332775e-05,0.00016703752979445468,6.15815525058167e-05,6.979703903717043e-06,0.012211787321808642,5.320556431437326e-06,7.1461686640672766e-06,0.0054063521315454825,6.286490470186572e-05,1.1937437532279908e-05,4.2221852577086137e-07,8.343113281942484e-06,2.5176448537304816e-05,2.1522103225353393e-05,0.0002886354650157395,0.00019837914212484533,0.00022455924883504964,2.9000426298268496e-06,1.6633746501048036e-06,0.008345033020581634,0.0002146040961783076,5.757769548549384e-06,1.7739659883931643e-06,2.4385134073284756e-05,0.00013424813582429903,0.0001478460284748512,4.009278584876243e-06,3.947612817478632e-07,0.007357271382730025,1.8744936401458542e-05
component_27,0.0077902833277528945,0.0004521593770047921,0.0004277717340728687,0.0001645320875158271,0.0008554668496896857,6.699527668803499e-06,0.00012340307943107515,9.160266605099358e-07,3.83599983937745e-05,0.0003367034006652501,8.178357614319836e-06,0.01892139158044072,9.180079941423118e-08,2.6256181398644607e-05,0.0009660071868337991,2.3668440786703068e-05,5.474681021527745e-06,0.0005624276294428711,1.6819503470104966e-06,2.6881454236670886e-05,2.486959610612905e-06,0.00046757243702818055,0.011488258023734939,5.4865383179974625e-06,1.2718293856224126e-05,6.162363607903648e-05,0.0011639503711428046,0.0004115262720246494,1.513437694074795e-06,1.200718764570073e-05,0.0004744201029883977,2.0142904011599233e-05,6.465066072191063e-07,4.3964162445432385e-05,0.013948457742122378,1.4873682667690252e-05,3.6136495985628366e-06,0.009342295877083578,3.226128961207173e-05,9.45805356789284e-05,9.562478892379949e-07,3.707378815552048e-06,4.126187328153885e-05,0.0005311448203290992,0.00017367516188536796,0.00019038628607344463,5.044637433997941e-05,2.4661634348230898e-06,2.285294035589041e-05,9.079120743208555e-06,1.783633559876944e-06,2.3064073576451302e-05,2.175531434143193e-05,0.0004448997162919615,1.8679865924522467e-05,0.00016573175550559327,8.337320414354601e-07,1.4439530949161506e-06,1.9205036519822966e-05,2.5109164927611088e-05
component_28,0.00044672186048100174,2.082474231432206e-05,6.276115573363618e-05,1.4942556723265287e-05,4.835906417636145e-05,0.016112298208573274,4.6498836207815056e-05,0.0015243620950978808,5.111949399621278e-06,0.0009475407440955456,0.00013853173167040683,0.0007780981714733578,2.030772540220297e-07,4.3926704659373176e-05,0.0009519607362891137,1.090078422413559e-06,0.00033005750078869103,4.0826448749473926e-05,0.0007541023304650545,8.397606582320998e-06,0.00036552063135643424,0.0013743030024909132,4.4587752767051606e-05,7.12657899089638e-07,0.00012182181418377014,4.3186664002934616e-05,4.8378981890565304e-05,1.5971987777670098e-06,2.5937865688418026e-06,8.51125743261254e-06,0.00019256096641084803,9.746136570267867e-06,1.2038901837865454e-05,9.261534657249391e-05,1.3201158411561218e-06,0.0006841325361918812,0.0007988308997021881,0.0004049340989434102,1.1830661504421723e-05,0.01295306911947811,0.00031014148774201154,2.1489146391366755e-05,0.0002318893597087177,3.5729747169192276e-05,1.842998182405119e-05,0.012394093339386021,0.00010317949207674319,7.085427281811595e-06,0.05253670260076333,0.0013144260713489175,2.9529217107676077e-05,2.4272578386806125e-05,0.030721837021993183,0.00021777224137003315,4.89115136542194e-05,0.0010170580849530935,1.3551939857818584e-05,1.515161978151184e-07,0.0002639556659560339,5.422900976377218e-06
component_29,0.0003147520340934602,3.3319087386880884e-05,2.2452325832198148e-05,0.00037805977109634696,1.7229269368970385e-06,8.06126529175269e-06,8.788050352919005e-06,0.01359266634731361,5.741447259761244e-06,1.576033270490339e-05,0.0001347344875843883,1.8617344406213463e-05,0.03519726070515027,0.00035548153232995116,1.3264937331493327e-06,1.7440992866438275e-06,3.48192617740384e-05,3.957321263150696e-05,7.782879389495369e-06,2.205151373221336e-05,1.1291739714025372e-05,5.171914281808285e-05,3.783080357808374e-05,0.0004482506790608363,0.00048229814432314456,0.0005984285675309967,2.1723889925329966e-05,1.3551549357631977e-06,7.568960646659574e-07,0.0003439171586532148,3.9419437189695683e-05,0.0005949803880694471,0.00047271410187014524,0.0005822819187937175,8.85452314665794e-06,1.8315709024954146e-05,4.6949829468768245e-06,1.500743386426818e-05,0.00012394583512912363,5.019618941573778e-06,5.545929501065291e-06,0.0004315281610725943,2.3041333108784407e-05,3.0036960109839676e-05,6.291991873108523e-06,0.0011530874514519094,1.5414217438892004e-05,0.038420418510439536,2.1676899427374725e-05,0.0007685643149703815,0.00019348192926809798,0.0006857986208974884,2.6288563248864084e-05,5.455140896859887e-05,4.1541447978046396e-05,0.029598201786612564,1.976032440916154e-05,0.0007848252253876869,0.014196164150123886,3.109609217996877e-06
component_30,8.679104251674453e-06,8.924651753383369e-06,0.00026089440807967336,0.00030458260875390093,2.0183295686478774e-05,2.2506460326807124e-07,1.4111504257122573e-05,1.81448787101258e-05,3.4866616707055756e-06,2.4839014727484403e-05,1.0455012041329648e-05,0.0004356049370851627,1.1332204738722765e-05,0.01352936229389615,2.2236191715898465e-05,4.671640185063802e-07,2.34189950999354e-05,0.00013404028017919615,1.347205657445241e-05,2.6369558155534027e-05,0.0004470808986985615,0.00014458151792022414,1.4345075999049016e-05,4.844340896655358e-06,2.5824234338352607e-06,6.259742893955996e-06,2.1153352725112382e-05,5.138616869156696e-07,0.00032134937027235305,0.0004999132152841379,0.0005334759824512222,0.00022518200818009518,0.018521194695198136,0.00047025441117961317,3.8297753922612293e-07,0.00034651706428410095,1.2124597393446622e-05,9.316271073007638e-06,1.1801308650032985e-06,0.00024375570655385507,0.013864937402154425,1.1636267808990767e-05,3.9440595641490593e-05,0.0004801784380210502,0.01393819985957518,0.0008977941270845967,9.30109539311147e-06,1.3695971415406126e-05,3.5016556693590425e-07,1.4213838362918583e-05,9.529406774571117e-06,1.0687981488985144e-05,0.0005483993011320279,0.00024102232204255622,1.9723425867273955e-05,0.00048320863533473355,0.017083521599333504,3.4683662263545023e-07,7.671499215221951e-06,1.5772391479510678e-05
component_31,0.00022149069916740943,1.1702465188207937e-05,2.783809805132376e-05,0.00023629031942923017,2.594667302442801e-05,1.7902794696761949e-06,2.059547527910212e-05,0.0004157089726939768,1.2317783496780144e-06,2.5293001957106315e-06,3.000439888612073e-06,0.0005680328021106119,3.1398984895311e-07,0.010133883993509635,2.8998806431641787e-05,6.125696346282298e-07,8.492265363900127e-06,2.3278758209496252e-05,0.0004009767000586991,0.017640268435325398,0.0005143895328762808,1.3916340909356234e-05,2.4578084923438826e-05,7.358204541848358e-06,4.567271662311099e-05,3.3046929649286986e-06,3.1892683343058265e-05,8.804230929659856e-07,8.746082009286901e-06,1.5150726297819517e-05,0.0005576099214238524,0.009436249169533686,0.00010949719523127436,1.5043090621397813e-05,5.113460003848295e-07,0.0004195586725412976,0.0003306189338301927,0.000212518948682121,2.658080343625606e-06,0.010764048790944123,0.00030536436661471675,9.533443927102649e-05,5.804797047534984e-06,3.232808012381823e-05,7.429106266560989e-06,0.0001832107582559296,1.222911833919457e-06,7.204879034202604e-07,6.069337084222461e-07,0.00012769201895090524,0.0005985986887385752,1.8153265312065724e-05,0.016552372778189207,5.760063512108153e-06,1.525334492299542e-05,0.00020117554256628725,0.0002287147080024671,5.007452249463008e-08,2.968029045050161e-06,0.00028053964797017004
component_32,3.701867026378305e-05,0.00022240794979753865,0.0003320785773755827,0.00017355502729463158,0.0005528270095369015,0.00017714073955150933,1.7255722643903718e-05,1.2540273891302943e-05,2.4691129784149283e-05,2.774211488954762e-05,5.090057149523306e-06,0.012183244644915688,1.5118571406649158e-05,2.6175448492590836e-05,0.0006217762868355931,1.1642021946211414e-05,8.038650827166138e-06,0.0005614914625920713,0.00010601697539363885,0.00030502081628735897,0.0005946728482673871,2.9161674327204525e-06,0.00035618892577555795,4.1642815317277175e-06,0.00012890414932215072,3.2979896396847955e-05,0.0005784812188796571,1.275921035704811e-05,0.0004278005676523279,0.00019872893115338125,4.449786454889652e-05,0.00030349932375575115,0.011157068814024416,0.0002887042034175224,8.721800982392405e-06,0.0004346524993824583,1.8955793164616056e-05,2.1816575023654878e-05,2.5910002356354496e-05,5.6584013045225455e-05,1.733817752015523e-05,0.0094972522690824,3.466347689353671e-05,0.00034185462488492435,7.035919652966989e-06,0.0002919149425919124,1.549754864542314e-05,2.0259314302028546e-05,1.8422464943559453e-06,0.011078869408603625,0.00018274239918007157,2.495209545130041e-05,0.00019066571713192282,5.461183276607755e-05,0.0001808360174883733,2.847303523411701e-05,0.022731492579048215,1.186537101557628e-06,0.00012825627531875557,2.9988715802176472e-05
component_33,0.00025821577563647156,0.0004372742427339958,2.579025957101398e-05,1.8004739564391115e-05,0.000535946972973897,2.9444054306605745e-07,1.1051661141319952e-05,0.0004250797256603298,3.2620085321205846e-05,0.000482012601601623,0.0002747726909426609,0.011691872456755702,4.774979753838868e-07,0.00025328948519996627,0.0005967046939130399,2.2889273225423596e-05,0.0006564469718540653,3.543951487208707e-05,0.0004100026226476232,0.00028984287539640755,0.0004353121374784096,1.845560125110979e-05,0.00035982049618795537,3.4476662161430163e-06,4.424084150426823e-05,4.7099558866267463e-05,0.0005556727671609177,1.2889298541899225e-05,7.350922618644766e-06,0.017079861188923576,5.735130737186179e-05,1.8549854253824564e-05,0.0003165256210533959,0.024170272337967112,8.607614729361975e-06,0.0003885753135883843,6.927164544355482e-06,0.0002535829855285293,2.9012124012208373e-05,5.7876566122691877e-05,0.00024698641613148716,4.657495900374903e-06,0.000465256086142258,0.00032976824762014106,0.00026140571214984754,0.025351457789086988,7.06575050368933e-05,1.3953972039521974e-05,2.0998955554788354e-06,3.2518476528294413e-05,1.8802488530246825e-05,3.18516979681202e-05,0.016925517853408473,0.0004521139923777551,2.2258502612104784e-06,2.6797486856349938e-05,0.00030405322408586226,1.2972389585909877e-06,1.2064870556780442e-05,6.102735172190604e-06
component_34,0.00027498875222892617,0.01764988477020455,9.828071855088313e-05,0.0003390467287278093,1.8846123035533437e-05,7.561362048149123e-07,0.00041672358689657184,0.0005151981241813598,0.0010448222156425506,0.019468242597072284,2.0916132058384523e-05,0.0004061901445461927,2.462428634473138e-06,0.00030375744590263885,2.1367916281538393e-05,0.0009238893934766084,6.617440012386168e-06,4.831928609212244e-05,0.000523647397429917,0.011906300972577399,0.017672097619663166,3.189011246250485e-05,3.530181545400217e-05,1.5583107193633045e-05,0.0007545150180081969,0.0006514094285551646,5.7161693470546304e-05,1.2645628675359953e-06,5.112924279449128e-05,8.407760437755117e-05,7.533057956905827e-05,7.573079052061719e-06,2.1553337049974713e-06,3.222446340249482e-05,9.031576206144005e-06,4.275506198152095e-05,1.3512192416518095e-05,0.0012661911706968014,2.7985109684714714e-05,1.568587412140696e-05,0.00020374050191101435,3.949308078105242e-05,9.456828667108791e-06,6.683689892123237e-05,5.788041971281636e-05,4.247629461481035e-05,0.0018781952491317795,4.338670720016195e-05,3.679559562046683e-05,5.2030024168208235e-05,0.0007273103892992116,0.0012824688158437267,0.020450152820346904,0.0012709693441193208,3.5084444566592535e-05,4.7701140762093086e-05,0.000374486550411946,4.5438226510551365e-05,4.0531851323602104e-05,0.00019470783383029373
component_35,0.000738759386656866,0.009023413117750696,0.00044533538590803626,9.536637345410045e-06,0.0004337891262182397,1.2078794912506155e-05,0.007945431563002734,1.4904487648078143e-06,0.000542987282381713,0.00043927226945575935,0.0003879890045688053,0.009592429892306811,4.1227534727811415e-07,2.0610534798440698e-05,0.0004902703924352686,0.00047233371667791056,6.168974979094801e-06,5.0308726777955655e-05,1.7303406330077095e-05,2.6443358579654214e-05,3.6285796519856057e-06,0.00028110750227274055,0.015563392552153587,6.837118271100813e-06,2.24930663335292e-05,0.0001382853631763782,0.0008402125647726424,0.0005575035748510909,1.6378999031947358e-06,2.036910585517819e-05,7.569328810778792e-05,2.574311018551469e-06,2.7880779815605165e-06,0.00013273120151517144,1.3691764166762632e-05,2.19918317880294e-05,2.5491461571263438e-06,0.00033488238216573466,2.968189974575648e-05,5.105183502409926e-05,1.2649625280799112e-06,0.0001662020875137896,4.286603517296447e-05,0.0002826343824351543,2.5059642254754965e-05,0.0001932757827278486,5.570293900744765e-05,2.2224905233685794e-05,4.275822061122384e-05,0.0001741149488383115,7.562441284711584e-06,0.0004579136852615918,2.1466782394634415e-05,0.0008834690552777828,1.4294401526712149e-05,0.0114713303507541,6.585529514841398e-07,2.342381888966318e-05,0.00029049310702853974,2.5929557648654753e-05
component_36,3.008900762685221e-06,0.00015548746818277678,0.008304231802238018,0.0001277980074224248,1.2245728429082524e-05,0.00012714177306374667,5.581682256796783e-06,2.4941018617714444e-06,2.060796423662029e-05,0.00031100846984914385,4.976659721902899e-07,0.00023255691860926513,5.9293765313667306e-06,0.00031739557334565995,1.1992745613403269e-05,8.139045922560674e-06,0.00014183073749429717,0.0005602122790045698,8.272997077025742e-07,0.0005474225465090392,0.00022159810559197536,2.227701876413381e-06,2.7213442564786344e-05,1.5906073168136876e-05,2.0788630315161544e-05,1.1740470896584138e-05,0.0001799087705187859,9.748254734970274e-07,0.00015917950104217117,0.00018133436257147548,1.7360653384318922e-05,0.00012015509630410846,0.00015611520975846764,2.083561972415525e-05,2.6620302179930685e-06,0.00016003250736055095,0.012542520698589256,3.867658025484934e-05,1.2279764918754557e-06,0.00024793315904596264,0.01407406070229026,0.006823676502300483,0.0007338241653286731,0.00022376107942406428,0.00014270395171295903,1.7168145601259537e-05,4.589160395428214e-05,2.653241899018678e-05,7.183211741422132e-06,4.679972342752971e-06,2.2497510968877827e-05,0.0002517120799771436,8.603330055034366e-06,1.9955743647562164e-05,1.0034484123422563e-05,4.9594589855010274e-05,0.008022042760386025,8.066793282190191e-07,4.972354895409283e-06,0.0004750988203194336
component_37,0.00010851682539919656,1.5896660113719273e-05,7.2896035058274495e-06,6.590598158645193e-06,0.00015818807989123243,2.570529858698804e-07,4.051133542536713e-06,1.3177591738729337e-05,1.1977610558452466e-06,3.152035413003491e-05,3.662320520131457e-06,0.0005942213688442076,3.018433793230963e-07,0.0001716866417644935,3.967478451751136e-05,8.321162354306792e-07,0.011273224621180763,8.71368417481115e-06,6.637935459223574e-06,1.0468747868619549e-05,9.99945822356082e-06,2.8175590573191682e-05,0.00016414128155594064,0.0002887367135884532,0.0001678945903026425,1.0241876860129334e-05,0.013427519771242395,5.879781734054745e-06,7.106270371731848e-06,0.00021774772815964154,1.9943637775813822e-05,0.0002234337747274505,0.012071277563971656,0.000537235801751186,0.00018730482921088925,6.190141520950285e-06,6.2928972110066506e-06,0.00013568188400200242,1.1826969626682275e-05,1.7433651687078447e-05,3.2857770212631388e-06,8.712691967203178e-06,6.435126924163935e-06,0.01647013919093816,0.0004019695701894416,0.000317112944679561,0.00031112720676808124,3.5053589844256563e-06,0.0005384699360203764,0.00016171488532523815,3.0906282266017367e-06,0.019045097443613802,0.00021257473286813086,3.556861423688071e-05,0.000230565383535356,1.2634579765632117e-05,9.04775749629936e-06,5.3788215706532824e-08,4.399489994669581e-06,8.907330996848187e-06
component_38,7.470021419936612e-06,1.2188954956313285e-05,0.043858561568056405,0.017541496906853714,4.188570698088904e-05,6.419843537314519e-07,7.987316049472183e-06,2.118855186949406e-06,0.0005291897611665936,0.0016679821539452122,0.00021153462438847502,0.000554905887821877,4.016690433819977e-06,0.001649657623482466,2.832699939861104e-05,6.380351117482945e-07,0.0005059200037054086,0.025728877365529496,1.6224907211529182e-05,0.001830363237015846,5.3154090531413576e-05,0.0001877117607169461,0.00012295686565082762,7.630368179117819e-05,9.827069194068591e-05,6.338156745943711e-05,2.935059011047247e-05,4.404495480218175e-06,5.619988482260101e-05,0.000714771220223453,7.839499889005656e-05,0.0007228312159018607,2.175790636453717e-05,0.0006332595915807867,1.2928391726933362e-06,0.0002951676869749384,2.9368854664139605e-05,0.00018585544986130821,1.0955763461823464e-05,4.3883327271950256e-05,4.5110373107207375e-05,3.0650312010395974e-05,0.004230481402820889,0.0014153927749713387,0.01802012443291057,0.019519143099636704,0.0007226995729130216,0.00012956006276594617,4.972422928876881e-07,4.271520694620245e-05,6.280120720467216e-05,2.4189566186710064e-06,4.226695297707795e-05,0.0006403570984673074,0.0009536635104282954,0.00048591895095254854,3.208925349185772e-05,1.2850673701361576e-05,9.390279442273728e-06,0.002525028390694885
component_39,2.0421231116913937e-05,9.175212672325653e-05,0.0005320429833504547,0.010998405700933165,1.5135922489970857e-05,1.4257790308844846e-07,0.0002972364348783623,0.0002588385853132676,8.66759962311724e-06,0.00034815507499191676,0.00013911254463515603,0.00010664034376338592,2.1724291857730928e-07,4.418396768569587e-05,0.0003185491598119384,4.802797174723762e-06,1.7354547524413917e-05,8.898007155702516e-06,4.604727452444058e-06,4.205218400140391e-05,1.8567686395103897e-06,0.0004723191134495544,0.00016485668199114634,6.018737658230468e-06,0.0003851870281093032,1.3593892046361315e-05,1.2492233719314864e-05,5.905408428153778e-06,1.7273889576940961e-06,0.00043742750037299407,0.0006388650017609386,6.860705343248552e-06,0.00012301126985946815,3.355416669503046e-05,0.010042890874530537,9.265711440028905e-06,0.00025097623314238526,0.00023119448696252995,0.00011853804804593977,1.2725617567663628e-05,6.9057688049870694e-06,2.5459127423177618e-06,5.716928092715941e-05,0.0005163532965438962,1.516166578159798e-05,0.000557104869482836,3.4446214536675265e-05,9.843149940985886e-06,0.01803186540676646,0.0004423914045696308,0.014717264352073735,9.479221311393214e-06,1.408445995271894e-05,2.8800123769615876e-05,0.0006115539953409275,0.00011914284800302276,7.730634998285642e-06,3.187185594039921e-07,0.013835395175289221,5.262838451307533e-05
component_40,3.852379287899788e-05,7.991519786658961e-06,0.00033795226223730097,0.00019464175626573014,0.0005253628045750494,5.008430756371496e-06,0.0002442306914237986,5.412328853793229e-06,1.212674679180973e-06,2.317292233688907e-05,1.212702988933956e-05,0.0115337570866714,3.903013149256541e-07,0.00013709860987716144,0.0005890097753607823,4.1831889923251306e-07,0.00033620299020223083,2.324696259225681e-05,4.8653398203162066e-06,0.00022374824032291469,0.010671322338151221,1.0500484127788342e-05,0.00034821361005485976,1.3792711557084853e-05,1.3532479709348743e-05,3.0886863375028834e-05,0.0009526794213630981,1.2473522836801106e-05,1.0585934553146524e-05,2.122128243718647e-05,0.011434233294457192,0.00012179126579333431,0.0003611492014501109,2.2381022348276053e-05,1.3852317325017793e-05,0.037620235441497354,0.02977862030361923,1.6502104258329765e-05,2.0239122546822205e-05,0.00018393499154581742,0.0005330345156176669,0.0002580473502271737,3.0201617844187515e-05,0.0008143516086462747,2.0172940639175654e-05,1.9186020836489125e-05,1.257348065937411e-05,1.5132152447725432e-06,2.3646729755874693e-05,1.0032705278113219e-05,0.00020698024401828304,0.0008010525635766645,0.0001962603069835427,4.095940449174853e-05,2.0451748714886667e-05,5.002495678260068e-06,0.0005294330495261729,4.70651674023064e-08,1.5640947153450118e-05,2.3239114313117453e-05
component_41,4.327815443645541e-05,6.497750208843405e-06,1.2248079847147166e-05,7.915889992957185e-06,0.0006897858940136963,5.083710015996008e-07,7.245255093855999e-06,6.566527482267854e-07,0.0001935139599495428,2.488833220141087e-05,2.0026234329382063e-06,0.015258643113237392,3.081877244073232e-07,0.00017568008777061266,0.0007787198016486095,3.4012700805532037e-07,9.803431869944578e-06,0.00948408237332362,5.953442311775237e-06,8.202413775061064e-06,0.00019202625826932076,0.00010284356611583173,0.0004447494525736798,6.642561227871515e-06,1.487633846142312e-06,4.169834785255711e-05,0.0007302091717953585,1.5931578471210776e-05,8.686102800336924e-06,0.012226283155892931,0.00024760159534436974,0.000266966013688814,0.00023550358148227284,0.00024277793535250935,1.0938347495496687e-05,0.0006526345741374126,0.0005087251879327212,1.1121968570492537e-05,2.5545491523615703e-05,0.017079388334066758,0.00017869001684727183,1.3509474986975977e-05,3.7138720461498505e-06,0.0007410380795462757,0.009687085669084966,0.00014412151459625665,0.0002044624650849161,4.875168185702384e-07,1.6993730078395956e-06,1.5595848813463824e-05,4.587285534942897e-06,1.4226176142778596e-05,1.6306730359684145e-05,0.00021046237342437125,2.897906571823096e-06,0.00016278823613307306,0.00022388935488822122,4.675693883715154e-06,1.1017347583951916e-05,9.216517381896743e-07
component_42,7.180714559003545e-06,0.022736847138763346,0.0008035314740314226,0.0170809596167576,6.744228239265609e-05,0.018631262772210756,3.624564935388536e-05,3.449798264552733e-06,0.002541398047067105,8.444002417440278e-05,1.1238912486774166e-05,0.0012456755131752012,2.3894542384321744e-06,0.0007668605619485139,6.415453946443598e-05,0.0011901682184386852,2.2747545645208084e-05,0.058797560983897226,7.302035966989534e-05,0.030036657553882778,0.0009572293078936497,6.913905439847551e-06,4.282645791806979e-05,3.116847971170703e-05,4.9243284276272724e-05,1.775159874769321e-05,0.0001001199232033057,1.5341066099518177e-06,3.742643884355383e-05,0.0007452097824052476,0.00011760359123897459,0.0016253310296169934,4.045403753297797e-05,0.001391372096227788,1.6778624108272165e-06,3.043524272078127e-05,0.0005137320921898738,0.0008350478563236255,6.604053094273391e-06,3.1227287685926206e-05,0.0008674544216079846,5.879615155174076e-05,8.284284059852211e-05,0.0008851567294414607,0.00011754324977598867,0.0006498119336103648,0.001253935283207269,6.844067468894309e-05,3.3650522729551245e-05,8.897828874849289e-05,0.001022519095324895,0.0011842690225518445,4.3885409251304995e-05,0.000896643102541846,0.0009399329832081536,0.0012172653793069298,7.00377443686737e-05,8.73126786362211e-05,0.0002869951117632975,0.0005531554894746783
component_43,0.0011700203958517868,7.250254363297854e-05,0.0014743902735577458,0.0005980411758873296,3.4334428312661136e-05,1.964705563227324e-05,3.1461374181109954e-06,2.6318990553265158e-06,0.0007091159750480568,0.000751952448893139,1.0408404620445077e-05,0.0007427400584316222,0.0004352926760290404,6.042863520996329e-05,3.8731507948046674e-05,3.7951710129950943e-06,2.76933800918438e-05,0.03460893453021772,2.3401385052233996e-05,8.25341074771983e-05,2.0135119462456884e-05,8.203667445196755e-05,0.025105638086447328,0.00031585498738719405,3.1691435549261654e-05,0.00041739624397144835,0.0006465079988655186,0.0008993208219357881,1.9895970791345158e-05,0.00027326304810628224,7.911581499362542e-05,0.001375291081057017,2.4810175818382752e-05,0.0009714625494526458,1.413121318787498e-05,3.178766381383997e-05,2.4563470545737563e-06,0.03355071020379572,2.7740717467585604e-06,1.7487805915687135e-05,5.998409442492889e-06,0.0002768263043727968,0.00014733165541388498,7.685596126759107e-05,0.0006291790545828464,0.0009363042028283525,0.0008177576046618315,0.027160171207600337,4.7653001993387646e-05,0.0002569444255426784,7.056374764417142e-06,1.2622004666739323e-05,5.0194769182687366e-05,0.000862463295414121,3.812253056595719e-05,0.01717133812005565,3.656657226950116e-05,2.686822250582853e-05,1.5372973669531003e-05,8.543434313718755e-05
component_44,6.491174158312811e-06,0.00026198989254316954,1.7350677437301935e-05,0.00022865097894043533,2.313136994338403e-06,1.8788988960163648e-07,1.4160727358726002e-05,1.3669994256542527e-05,1.562802991991308e-05,0.0003013611122305846,4.657233680327449e-06,9.962298879040265e-06,2.5449543501526827e-07,0.010199152014667373,5.193559249759786e-07,1.3713952587799562e-05,7.75622329382738e-06,1.8613561442943325e-06,9.254891804912432e-05,0.00018667795964231519,0.0002623736315123619,0.00019782693389267024,1.122346113469771e-06,0.008785429303749193,0.00011291714615893573,1.2978091239149521e-05,1.1292914833476459e-06,4.0204085862567457e-08,5.957585296067798e-06,0.0001784676163651708,0.0004052231516637538,4.18253555984458e-06,4.189077743110163e-06,0.014826247134724767,2.2292515824520932e-07,1.4761548157139237e-05,6.354853658555398e-06,2.7968023444588715e-05,4.851909078540538e-06,5.819893187770285e-06,5.8497961158538785e-06,1.0050493428081665e-05,6.880786598832986e-06,0.0005087908677658544,0.008231177087251074,0.0002928536593308907,0.00025836113464845913,3.028929796271982e-06,6.307593165585354e-07,0.008856415474277783,0.00013987357136408248,1.9159221954592578e-05,0.00048009902563610196,0.00043659482342672546,0.00015332978049087737,0.0003215446507209564,8.788439550564011e-06,6.821968839490421e-07,9.404499764305424e-05,9.461838452905376e-06
component_45,1.1545246243822985e-06,2.6822516692353452e-05,0.00027603843434837296,1.26131198386426e-05,7.149778623691365e-06,4.584686244136253e-06,0.0002764195385702705,9.544395551510249e-07,5.7163250050760235e-06,0.00042753221988638086,0.0001649337395615061,1.2079388315863452e-05,4.059888138981369e-07,0.0003447975053374213,6.201022317003549e-07,1.4040340206780537e-06,0.0003608090430601329,2.454801833166268e-05,5.516088560588031e-06,3.622956052263763e-05,2.196731524649269e-05,0.01031507411152441,1.548825042862323e-05,0.0002867963194641332,2.1449764277008475e-05,0.00015599767765446778,1.1561648150258097e-06,5.548118736458628e-07,6.793121906778516e-06,0.00015425445006011203,1.4412559455066768e-05,8.203385595799118e-06,4.419770841549931e-06,0.0012008035587999315,1.989358374971944e-06,0.0005138190010051392,1.2046869778034394e-05,2.3775810619061535e-05,6.811150047814764e-06,1.5738943797900311e-06,1.0059906478730513e-05,0.0002456098842716814,0.00027803135135072394,0.032579816705145793,0.00027909075043135493,0.013889148211612124,0.00028743345662957207,1.0690596139443627e-05,2.106649666002549e-07,0.0005077672840935145,1.109809696496809e-05,2.0788175100730914e-06,3.063098955890187e-05,0.01637067758622988,0.00021506772322163502,0.01642872703131486,7.396394251790122e-06,1.7746757768288298e-07,0.00016381990761055515,2.383802509888075e-05
component_46,2.3770886443355142e-05,7.890772881639836e-06,0.00037002807344227077,1.7254520964993842e-05,0.000329538848180918,2.6711577690811864e-06,6.551704071118424e-07,7.403451036546122e-07,0.00025163961511784924,4.9822060091770486e-05,0.010814980911303746,0.0007594000100410752,8.75481242903346e-06,1.663673236984894e-05,3.887081925906549e-05,4.130452672408814e-07,0.025878520106682762,0.0006428047521898032,9.970643915820249e-06,2.2202570603688145e-05,8.186548693516242e-06,8.30832008317223e-06,0.000481259777784672,6.6907202570676545e-06,6.001244134126519e-06,2.776845439365096e-05,4.967794916552981e-05,1.723943193284485e-05,2.2829442729920268e-05,0.00015475388093656104,2.064143696255466e-05,0.0005388142715954197,1.2344909477934636e-05,0.00022344290935983835,4.198131566314517e-06,0.014651458137310926,0.00018504500899720955,0.000628683227160321,0.0003153939532385226,3.658545675360217e-05,0.00020853513042499034,0.0001284691313460051,0.018295586175643294,4.5038764722309116e-05,0.0006225230137688877,2.8386077504689843e-05,0.0009159075252916746,0.0004977841710607133,6.712681377261268e-06,0.0003060760187251884,1.1690963193436104e-05,4.2735409479949234e-06,5.915834381120026e-06,0.01489957634660121,5.877662933148065e-06,0.00032616052451404817,0.00013240831055725123,6.265724968138831e-06,0.00014295080798151473,2.1331618198501795e-05
component_47,7.330977617320188e-06,0.0004676145398137381,0.0006882825383532642,0.0006309304637867307,2.513765851420473e-06,0.00038229541205952273,8.075626610088693e-06,0.0002979392905696749,6.037130782949155e-05,0.02047554713633677,7.070302236912255e-06,4.2834009870024655e-05,0.0007706359844188713,0.00030254979357300683,2.2144163480830325e-06,2.4477446691248345e-05,1.4979716537109376e-05,0.0015999118024991044,2.2240909521073638e-06,0.0006449089649331162,2.9299623596260294e-05,7.052138745753232e-06,4.179312584013108e-06,1.1700268833044167e-05,0.0007380334789463406,0.0006967573170653157,3.3978440042342896e-06,1.4970911375521698e-07,0.021893271052319023,0.018815008716616587,1.4587805559104222e-05,6.16711917545027e-05,0.0003593358677151386,6.818975522032442e-05,8.842105759634265e-06,2.4084802954734046e-05,1.166566007453976e-05,0.015204098174637812,2.8561535101397308e-05,1.2422559463369323e-05,0.0002790406611298601,0.020520132703818098,6.722448828322706e-05,4.93469733294259e-05,0.0005379399018339819,0.00035201707680535395,0.0019983140752133184,0.0008444851001349517,1.6401468541000192e-06,2.527722472216391e-05,2.7026949720153905e-05,3.9557516150561786e-05,1.2589781528541348e-05,0.000650245237053895,3.5144654424573655e-05,0.0006892922882590262,0.00032315125207949084,1.9169524187152677e-05,0.0003348716034534264,5.00807111887042e-05
component_48,1.1381403347745835e-05,5.413905199297303e-06,2.134851964536399e-05,0.00017052557507933388,1.001368942003186e-05,2.8594287028580306e-06,5.610061227380218e-06,6.516461992268046e-07,6.483369387354287e-07,1.4231854613348965e-05,3.6777311181859644e-06,0.0001961716433598136,0.01600210886742763,0.00011701771872224683,1.016497690384849e-05,2.8339276182485096e-07,8.01619170703176e-05,1.2148428092038853e-05,2.5339719542501436e-06,6.167731414294319e-06,1.3268757430393429e-05,0.00016158773989219407,1.9836772477143403e-05,0.011528504052431074,6.115136418546925e-06,0.00893813517693053,1.868044519647192e-05,7.105823188906765e-07,1.589592235362007e-05,0.008353319127230318,6.021496342287679e-06,0.015431776437250721,0.00048413061536069907,2.7368668956352002e-05,0.00010941481498406237,2.038263128524845e-05,9.904627141574428e-07,5.378378926022971e-05,1.2627044747184533e-06,3.1125100373464743e-06,0.000116160376027217,0.00015286946220464213,6.48798939687299e-06,0.00031807874186026507,0.00012179362430488477,0.00025200874047252647,0.0003020535500186121,1.0616379988719862e-06,8.857437133197637e-06,0.00024861313800701815,5.055933570237546e-06,0.0003114543984507581,1.0583545238161185e-05,0.00038413387648433047,2.00166891021759e-05,6.246215870929894e-06,0.0004933127140522424,0.00035675511684589564,7.945542118116524e-05,2.019018640029734e-06
component_49,0.0006897350702562227,5.0375359677675425e-05,0.0006830707454584449,1.6969511230753917e-05,0.00018971243863269175,6.948116851822859e-07,0.0007044825818506683,0.014334717955471445,4.678802128376773e-06,0.017961761786757322,3.817274082400463e-05,0.00023742498651601351,1.5796602070634132e-06,0.00039811243644569686,0.017376233117097146,2.636915827198014e-06,5.8690361375409205e-06,4.2266203996165925e-05,0.00021896967669410357,6.175739906554402e-05,2.2155736415121192e-05,0.025687037889620932,5.189427977427937e-05,2.0314597121158495e-06,0.0013987975079602297,0.0006104030801708256,1.2821994440070176e-05,1.8589293042332245e-06,3.880367246816786e-05,3.812750431616352e-05,0.0003671155038858645,4.98912608550305e-06,4.852476961439433e-06,0.0011697939713109133,8.23828601752863e-06,1.6576034571315722e-05,2.8642821780187266e-05,0.00037577869802917223,6.0364623000208835e-05,3.598813731589505e-05,1.8216968823189422e-06,3.5687373176000124e-05,6.0701086782437865e-05,8.14789004641417e-06,7.638192170671798e-06,2.002069425256625e-05,0.0017238499774860643,1.4856955455906143e-05,1.288139846059793e-06,0.02397385971452863,0.00035434931618252065,3.61668203441346e-06,3.670886157178434e-05,0.0005555703304500167,0.0008854669618631861,1.6852044590172623e-05,1.3634799953317605e-06,2.0561677210800356e-07,0.00046157071821966686,7.131580651466257e-05
component_50,4.35488869687621e-06,4.851201919760317e-07,3.55551806633449e-05,1.2104050557186025e-05,0.0001791565531828416,8.924723399088673e-08,0.00030425075961032326,0.00017205681174663665,2.4891676475484258e-06,2.2893943802552174e-06,0.00010275319921919741,6.295863063819209e-06,3.556153718640881e-06,1.7367871383247363e-05,4.784245206738483e-07,2.539378617840107e-08,1.0473470923331329e-05,9.74658000581346e-06,0.009093550465973738,0.00022476706354505432,6.641872828309026e-06,9.778973310078632e-06,9.548491243288376e-06,1.64553805630668e-05,0.01140483245665278,1.400785185135022e-05,8.803497389127563e-06,3.4204097755222356e-07,8.953581562537362e-06,4.160427860731583e-06,0.0006320325564911271,9.587478473584209e-06,8.92544491657314e-05,8.770621797958243e-06,5.1348706888143325e-06,0.00018376742013408347,0.0006173689446719832,0.0003539872635393618,0.00048212395273526166,0.00013371149404015845,6.455245423473172e-06,4.494668396380593e-06,5.542701738772857e-06,1.1531475876837949e-05,6.890905734834772e-06,0.00013153386633965854,1.2942592925574243e-06,0.00020288775370676677,9.049098980403424e-06,0.00021399776239437734,0.014542896459686795,1.1996191589140166e-05,1.2292993995194178e-05,1.2465804415222723e-05,0.01544707575319058,0.00021733377176090247,1.9006936117661672e-06,1.3979188164354414e-07,0.010095791695783373,0.0005638217863118695
component_51,3.049985833979451e-05,2.074132848591545e-06,0.0014052424699043224,0.0002812148414651927,5.314672321546036e-06,3.314681366602239e-07,0.013915658866719078,1.8327213086626556e-05,2.2985951651624492e-05,8.033038684570246e-05,0.0006810746454715682,6.282112604728074e-05,1.371204294320873e-07,0.0004888857214913306,3.6441068999689694e-06,1.0857120963815473e-07,0.0001886185779382218,0.0003865539797025745,1.8134269859393037e-05,0.0008136696388021305,2.622371250596561e-05,0.00041718442154088154,0.000416286896779129,7.1673939432965224e-06,0.024354649055584817,3.1856690290796266e-06,0.00022773597243136377,1.491200792759784e-05,2.126094482367742e-06,1.55440232885664e-05,0.04282537412356168,0.0004183124897245057,0.00020410309936572688,3.281744305114591e-05,1.2018322845268918e-05,3.1026145933192956e-05,0.01602344444826361,0.014875277806287867,0.0008770520201283832,0.0006781311835723285,1.4459532447725885e-05,4.895709782876141e-06,0.0001298347517726368,0.00028717455844050164,0.0002750381573324267,0.00031266730094615995,2.132754124589917e-05,3.974296707025462e-06,2.523442924848457e-05,2.763565026373512e-05,4.984845465235776e-05,0.00030583140108083435,0.0007137763619818586,2.5379041947043453e-05,2.7644132778054774e-05,1.930607027778326e-05,1.0564349865828358e-05,5.591200641625671e-07,0.0007218290885279404,9.27144521897544e-05
component_52,0.0002453964398457903,1.4838453126616001e-05,4.364447548024593e-05,1.0943143112094315e-05,0.0001683075151505962,2.9596983064272954e-07,0.00010575334030522947,0.0004051744397734521,1.4324681282516878e-06,0.0005256575494750306,6.110648438974223e-06,0.0005566753452685635,2.9429609557211947e-06,2.047833135465941e-05,0.0005189863220724334,7.767240204549769e-07,3.835343000929759e-06,2.0667386977880618e-05,6.2749013225733034e-06,0.00016705787946547435,5.642953421999733e-06,0.0008384112241865576,0.00033695720900784156,0.0075681988480887025,0.008668209985217988,2.8750397057134544e-05,0.0290160777204508,1.2070302022146416e-05,1.2337865301790458e-05,0.00014705889234171497,3.159388162964037e-05,3.40424556205509e-06,7.2092413532758845e-06,4.441589701215989e-05,0.00040769739553203605,9.414465419902242e-06,0.00029628072226389133,0.0003919435249498626,0.0003105685238992455,0.00010022928721599737,5.008741888751954e-06,5.447873893416314e-06,4.039273486082846e-06,0.0002184653799523459,1.1046675841046595e-05,1.0084572291848743e-05,0.00024691287955455507,0.00015725280339777697,0.0282524183533605,0.0006798084663163261,2.129093581677611e-05,6.575807727725783e-06,2.256317018418699e-06,0.0002776808342469976,0.011954767629672933,2.069075106960633e-05,2.7801468200239404e-06,1.1710797798690902e-07,0.00010468547858149581,0.00043714814899578185
component_53,0.013335929416368995,0.0005690472451109055,0.0005640900062958031,0.00023103278793308352,0.0008865083119251595,8.060730476454334e-07,3.6157611325222004e-05,0.02510696751119045,5.1408332466228836e-05,8.965260125998742e-05,4.907885935512651e-06,0.019600350149898183,9.900454955967223e-08,0.0006793051090375091,0.0010003342297160004,2.9786977138375773e-05,7.3309438998238485e-06,0.000867476677358514,0.024166073941543905,4.559577203793261e-05,1.2836092822355246e-05,0.000793561065684775,0.0010103579386775599,5.976243157930552e-06,0.001550965048222287,5.841218663537449e-05,0.0009407427734936906,3.619250499557533e-05,1.2578628085380904e-06,1.1561008252772001e-05,0.0008027338368751632,3.175741961746795e-05,1.0296152776782033e-06,0.0006039249626557745,1.4695702485467761e-05,0.0004793586363663212,1.0765087276934533e-05,0.01227210020070596,8.731867926590449e-05,0.00011015279144003746,7.68724430936507e-06,1.1966845291148567e-05,5.4574757301978285e-05,0.0005548761861933728,0.00022700299212804882,0.00026003363103907484,2.8643018954191752e-05,3.468701522940625e-06,4.3048950609496446e-06,0.0012329087380197135,2.1294399982824663e-05,2.9356871533420748e-05,3.795965349859241e-05,0.00011147319903105448,4.777942476338047e-05,0.0005433493275644288,5.0286457818001695e-06,1.8923023904154697e-06,4.0925659787131e-05,3.410744701605022e-05
component_54,4.0414946420456365e-06,0.0002517542295145204,0.00017438067895177647,1.9375190344703612e-05,8.726265935573493e-07,7.80430802944576e-06,7.669716391919752e-06,1.1496693753800641e-05,1.733939137209257e-05,0.0005600452753573965,7.91417940287855e-05,1.7414635796689486e-05,1.1037206017089945e-05,0.00013266386318834544,9.216052322797536e-07,1.3178163225404762e-05,6.03567443233347e-06,3.510012417206696e-05,7.447777778486785e-06,0.00018326738832512724,0.00025101073892787546,1.924530306221518e-06,1.3899488182746183e-06,7.299527152265738e-07,2.3943141064747077e-05,1.8985746806036474e-05,4.63671044865651e-06,4.9790007702460864e-08,0.0003130918727170063,0.008997995246307695,1.1198635753713991e-05,5.344061537718456e-06,0.00024257692814710764,0.01372488944562301,9.863741209744345e-07,0.019192282938267115,0.00024293386835407135,0.0002328711529831745,6.871060279737087e-05,7.369374878349868e-06,0.0003976988287445567,0.0004188645227081177,1.7621024286285642e-05,1.0243473382133717e-05,0.000132833107233311,0.00012145316730732123,0.014055851586036991,1.3106388429926574e-05,1.8940656744211156e-06,3.460020586100432e-06,0.0001260484680432187,2.3106144439139243e-05,0.0002869627789233831,3.064955876979504e-05,1.4159890209443757e-06,1.552784827791391e-05,0.0003126330538563053,9.520745484448641e-07,0.009024927904417921,1.2731338160346308e-05
component_55,3.2965754525171664e-06,1.413882559946685e-06,4.1377538293671715e-06,2.1131430570912706e-05,0.011577007898380079,4.048475903446041e-07,1.932567107652823e-05,8.621223025577674e-06,2.0536081660108492e-07,2.814333240546238e-06,1.6138619095084537e-06,4.0709041213037173e-05,0.0002298794338484289,0.00033972450374005956,2.4520465676307355e-06,7.401017727670742e-08,0.00028411278885464387,4.236489504690673e-06,7.579507706943213e-07,0.013729731651045449,0.00032528211185939336,1.5139729139269602e-05,5.7791762308359004e-06,0.0010566701766023666,0.0005433996838888347,0.0007905650103570137,0.00033133436730930696,2.0701857885989232e-07,0.0005744888990761068,0.00014119167830661466,0.000517977571220506,0.00021322832183520525,0.0003037722635463965,3.504730782945322e-05,1.8736579217875338e-05,7.65331332375854e-05,0.024556836927637587,2.197191082263998e-05,0.00044488630121252234,0.0016829180413378175,0.00023592992868576708,2.155174764334936e-05,1.0507312048732663e-06,0.00043368473931532835,1.4735722728354738e-05,3.752218288468661e-05,4.383626437357666e-05,0.013124497560232784,2.157053748049454e-05,2.9967420537720562e-05,0.000470313579494054,0.00047931530175711703,1.9863788036100587e-05,0.0006475646236764876,7.626075738076082e-06,0.0012598449997508862,1.4719977426465783e-05,5.131243753999991e-06,3.210652465721312e-05,0.03635858565549402
component_56,3.1434375065351386e-06,0.000490770132630548,2.068246503779833e-05,0.00024989240211825036,9.44361935958924e-06,0.0002678548626907645,9.199047577001503e-06,7.065146747857177e-06,5.0150958543991806e-05,0.0001818282598998095,0.00016789223241324945,3.5670462879873146e-05,2.3931179305297247e-07,1.438913321597629e-05,1.8387315550048686e-06,2.5689534298711297e-05,0.00046763678713690904,0.0008567679715045889,0.00012488346476636353,0.0005449859111849245,0.00017705803946085463,7.046450778924051e-07,1.0112503545160647e-05,9.1440935614376e-07,0.00015684282081185704,0.008603410177445035,2.992513396096323e-06,3.622447264135393e-07,1.5210869992381224e-06,1.3992088947840676e-05,1.1044923193241361e-05,3.3243067676683546e-05,2.479867741626635e-06,0.009252101467434876,0.00010521670938055262,0.00022760940379210425,1.8428128772423562e-05,8.439043811960884e-05,1.1989327074567456e-05,2.994345259700046e-06,1.7629466649384624e-05,0.014377185990161037,0.0002817085168385888,1.4364449043044286e-05,1.4326567050565986e-05,0.01532558130920394,5.132790690282745e-05,1.1668180369628083e-05,1.0579456618391911e-06,0.013078495272450563,0.0002124549246381704,2.912828429108878e-05,0.00018961470615836294,0.00025313096531799287,0.00021585214308300326,2.7026947076792406e-05,6.549160273074859e-06,1.7754866349522287e-06,0.0002011550296760288,1.7563855497716458e-05
component_57,8.965003005226537e-06,6.549974767332644e-06,0.014244351448368579,0.00047101726160919243,7.745227998850522e-06,4.833952866884785e-06,0.0005845204111679964,0.000256323726459213,2.339542960575591e-06,0.0005334623659931631,3.126040841728879e-05,0.00016119897568169016,0.0006628368582081041,0.0005354938010659041,8.512796492539777e-06,3.4286072084129044e-07,4.361030858822602e-06,6.20935047405791e-05,1.7959455285603453e-06,0.0005962082962200274,0.02554362789562054,1.9224504363116766e-05,5.433655806400286e-05,3.3371698341822455e-05,5.831302304049816e-05,3.0307229144091214e-05,2.8702560200104445e-05,1.9464152988670643e-06,0.01881632200049411,3.250286724426846e-05,4.3585365003304305e-05,0.012657191077039054,0.0001534939834355658,1.7745686907599408e-05,8.23208984755722e-07,0.018726629168725993,0.0002441885435326228,6.133395170626682e-05,5.305351654667477e-06,1.8377525403917568e-05,0.00027390580820607435,0.00025778613489275606,0.0012591601528169068,3.1224577088814647e-05,4.5815870382935826e-06,5.258329039818874e-05,5.349049823550845e-05,0.000757575112404161,1.6492184755693628e-05,0.00015687324252502716,0.0005019380197406591,0.0005768702791059192,1.2598000730321165e-05,2.0771691365343933e-05,3.517566871788118e-05,0.0006159902873205186,0.0009764180501848238,1.4840408301711504e-05,0.0002896337602178801,0.0008101816232363047
component_58,0.029482094950537798,0.001261848763397804,0.0009328017975304158,5.898304195579608e-06,1.0726909862004561e-05,1.9829046180683964e-05,0.0009540965414225884,3.748254706658998e-06,0.00010485657087962763,0.0022992785764941568,0.0002418318618307958,5.263634999978535e-05,7.60495382632808e-07,5.504918635047538e-05,3.8775244069638265e-06,6.605191500416209e-05,8.39645387542081e-06,0.0012249274783512178,5.4497906116817995e-06,9.584174837075257e-05,3.045369495281642e-05,0.0355049920851243,0.033814896871780596,2.680393578341251e-06,9.07029244638772e-05,7.753796137110718e-05,0.000828276533540819,0.001211299260496389,1.4959969459214514e-05,0.0002494085241021834,0.0016107359434989136,4.950113534876827e-05,0.00018697449343736092,0.0015746397973637981,1.4228742534847699e-05,0.0005171233062169305,3.0140277657240078e-05,0.00011188909336309251,0.0001735903216491463,3.622530259356502e-05,1.2719758246838525e-05,1.678717073014122e-05,8.762974885673622e-05,5.2519365652475336e-06,8.953724748222117e-06,0.0002866881469026882,0.000618692635720496,1.5194973432967444e-05,6.860982637480504e-05,1.152152938449035e-05,0.00029059480897599007,6.527161013331157e-05,9.975681304283416e-05,0.02665536674218325,0.0007121243457291022,8.83146186303962e-06,1.0162541636422591e-05,3.988025492016062e-06,0.022451171976554184,7.960572124498307e-05
component_59,3.6965877095941747e-06,4.379690923625389e-06,0.0002011459800915199,8.669325662347879e-05,1.861874236072428e-05,4.3664275027281844e-08,0.0001785425827088325,5.767466718880304e-06,0.00019253198336282684,1.4824906295764355e-05,0.008721568442304714,0.00033059827415556764,1.2356712273645725e-07,1.5346374602091586e-05,1.923093189688513e-05,2.2925645372337313e-07,0.0003115853638701297,1.3368064713348946e-05,1.1117043200456903e-05,2.0543954998741616e-05,4.139185510115859e-06,9.341394802199268e-06,2.2175365276830458e-05,5.521855408489444e-07,0.00031477035924798674,1.6714614964998334e-06,1.8759150161447744e-05,7.943541470173237e-07,5.407929575324133e-07,0.00014336820968217765,0.0005515166861808366,1.1881388199801752e-05,0.008087559679468103,0.00019876352781602463,7.587533679431431e-05,0.0001757899337887422,0.00020709697269033435,0.0002002791566825714,0.007528221852616161,1.0801897556995086e-05,4.806518239882096e-06,1.6567636182562066e-06,0.00023602155397630905,1.707361824288785e-05,1.8750266764522786e-05,0.011951034997803991,1.2528139745380502e-05,6.553441977158011e-06,0.0001358894781197602,0.00024157362843679297,0.012771432863303935,4.259119807005654e-06,0.00014617627700456098,0.0001802684158483387,8.659591945622938e-06,6.172107684818389e-06,4.210679326213222e-06,4.645498267225048e-06,0.00011744885415043589,1.1927049893528797e-05
component_60,5.869801153716905e-06,1.8240634806660246e-05,3.0376195545326735e-05,2.6828461209428373e-05,8.279552847537149e-06,9.558270034130746e-06,0.00014613068953544595,0.00021498453757393216,2.1675357396317783e-06,3.3677915312985456e-05,1.6278146750212726e-05,0.00017377210539787024,0.000555460530872606,2.199769609598499e-05,9.040235215863044e-06,9.548124108211017e-07,2.1631706788553076e-05,3.58997370141533e-05,4.532970057202464e-06,2.4092177523378473e-05,0.0001657987367923053,0.0003211102072065957,1.0444560943838934e-05,0.024711566668552346,0.014511143865163932,0.00030333615883371416,1.4765038364219272e-05,3.741395100346899e-07,0.0157811111509804,0.00047653766781988394,0.00017212632306882556,1.2610250411269273e-05,2.2894208136886742e-05,0.0003554660162157802,9.046517004359322e-06,0.0005832393615539253,0.0004443625766631161,0.00019376760065891767,0.0005115682999152074,0.014884008109884429,1.5387088338584024e-05,0.0005127304773366412,1.2653828385051599e-05,0.0006587191565690419,1.618416775853817e-05,0.0005459696457148346,0.0006436271749971538,0.0006068831247929351,9.915252254752564e-06,0.00046313624179499094,2.289440362177786e-05,2.380708177827141e-05,1.0839603058342781e-05,0.000799015074194437,1.5316788925902522e-05,0.03446940740120977,1.6581981863957993e-05,1.2455926088771826e-05,0.0003871540065234503,2.638770021357292e-06
